id,bucket,bucket_name,score,title,impressions,clicks,position,gsc_known,inbound_links,cta_count,has_artifact,artifact,stale,topic,cluster_n,cluster_risk,siblings,article_role,cta_role,caveat_mode,fact_risk,cta_issues,stale_finding,url
137,3,`partial_restructure`（部分再構成）,60,英語コーチングの体験談は、到達点の写真かその後の傾きかで読み分ける,0,0,0.0,True,0,2,True,台帳: 体験談の読み分けフィルタ,最新の確認日から1日,coaching,5,True,278 64 138 151,review,supporting,blocker,週次点検を回し直して再現: 案件を紹介しているのに、合わない人も注意点も書いていない,タイトルの方向は coaching（speek・スパトレ）なのに、載っているのは 主ネイティブキャンプ留学／補留学情報館,,https://sakura-eigo.com/%e3%80%8c%e8%8b%b1%e8%aa%9e%e3%82%b3%e3%83%bc%e3%83%81%e3%83%b3%e3%82%b0-3%e3%83%b6%e6%9c%88-%e5%8a%b9%e6%9e%9c-%e4%bd%93%e9%a8%93%e8%ab%87%e3%80%8d%e3%81%ab%e4%b8%a6%e3%81%b6toeic155%e7%82%b9/
37,3,`partial_restructure`（部分再構成）,40,半年の留学にいくらかかるか｜休職と退職を金額で比べる手順,0,0,0.0,False,0,2,True,本文から検出: failure_diagnosis・swappable_estimate（台帳未記入）,最新の確認日から2日,study_abroad,6,True,294 207 281 277 289,pricing,supporting,blocker,週次点検を回し直して再現: 案件を紹介しているのに、合わない人も注意点も書いていない / （控えの旧指摘・2026-08-08時点）: 料金（費用は120万円）があるのに基準日がない / 制度・年齢条件の話があるのに確認日も出典もない / 案件を紹介しているのに、合わない人も注意点も書いていない,,,https://sakura-eigo.com/%e3%80%8c%e7%95%99%e5%ad%a6-%e7%a4%be%e4%bc%9a%e4%ba%ba-%e8%b2%bb%e7%94%a8-%e7%8f%be%e5%ae%9f%e3%80%8d%e3%81%a7%e5%87%ba%e3%81%a6%e3%81%8f%e3%82%8b120%e4%b8%87%e5%86%86%e3%81%a8%e3%81%84%e3%81%86/
235,3,`partial_restructure`（部分再構成）,40,セブ島留学1ヶ月の比較表に、帰国後の列を6本足す,0,0,0.0,True,0,2,True,台帳: 比較表の列の置き換え表（滞在中→帰国後）,最新の確認日から2日,philippines,5,True,283 67 315 272,comparison,supporting,blocker,週次点検を回し直して再現: 案件を紹介しているのに、合わない人も注意点も書いていない / （控えの旧指摘・2026-08-08時点）: 料金（月61000円）があるのに基準日がない / 制度・年齢条件の話があるのに確認日も出典もない,,,https://sakura-eigo.com/%e3%80%8c%e3%82%bb%e3%83%96%e5%b3%b6%e7%95%99%e5%ad%a6-1%e3%83%b6%e6%9c%88-%e4%bd%93%e9%a8%93%e3%80%8d%e3%81%a7%e4%b8%a6%e3%81%b6%e8%b2%bb%e7%94%a8%e3%83%bb%e3%82%b9%e3%82%b1%e3%82%b8%e3%83%a5/
305,3,`partial_restructure`（部分再構成）,40,ワーホリに要る英語は、点数ではなく渡航初日の5場面で測る,0,0,0.0,True,0,2,True,台帳: 渡航初日の5場面の台本,最新の確認日から2日,workingholiday,6,True,282 238 23 131 149,pricing,supporting,blocker,週次点検を回し直して再現: 案件を紹介しているのに、合わない人も注意点も書いていない,,,https://sakura-eigo.com/working-holiday-english-level-needed/
41,2,`minor_local_issue`（手元で見つかる軽微な指摘）,30,英会話が続かないなら、体力が枯れた日の最低ラインを先に決める,0,0,0.0,False,0,2,True,台帳: 体力3段階の最低ライン表,最新の確認日から1日,eikaiwa,6,True,28 287 273 297 546,howto,supporting,silent,,タイトルの方向は eikaiwa（QQ English・ネイティブキャンプ）なのに、載っているのは 主スパトレ／補スタディサプリ 新日常英会話,,https://sakura-eigo.com/%e3%80%8c%e8%8b%b1%e4%bc%9a%e8%a9%b1-%e7%b6%9a%e3%81%8b%e3%81%aa%e3%81%84-%e8%a7%a3%e6%b1%ba%e7%ad%96%e3%80%8d%e3%81%a7%e4%b8%a6%e3%81%b6%e7%bf%92%e6%85%a3%e5%8c%96%e3%81%ae%e3%82%b3%e3%83%84/
64,2,`minor_local_issue`（手元で見つかる軽微な指摘）,30,英語コーチングを契約する前に、卒業後に残るものを聞く12の質問,0,0,0.0,True,0,2,True,台帳: 契約前に投げる12の質問,最新の確認日から1日,coaching,5,True,278 137 138 151,signup_decision,primary_recommendation,blocker,,タイトルの方向は coaching（speek・スパトレ）なのに、載っているのは 主ネイティブキャンプ留学／補留学情報館,,https://sakura-eigo.com/%e3%80%8c%e8%8b%b1%e8%aa%9e%e3%82%b3%e3%83%bc%e3%83%81%e3%83%b3%e3%82%b0-%e6%8c%ab%e6%8a%98-%e3%81%97%e3%81%aa%e3%81%84-%e6%96%b9%e6%b3%95%e3%80%8d%e3%81%a7%e4%b8%a6%e3%81%b6%e7%9b%ae%e6%a8%99/
277,2,`minor_local_issue`（手元で見つかる軽微な指摘）,30,国内留学・英語合宿を申し込む前に｜帰宅後30日の枠を先に決める,0,0,0.0,False,0,1,True,本文から検出: failure_diagnosis・fit_branch（台帳未記入）,最新の確認日から2日,study_abroad,6,True,37 207 281 289 294,signup_decision,supporting,blocker,,タイトルの方向は study_abroad（ネイティブキャンプ留学・留学情報館）なのに、載っているのは 主スパトレ／補（なし）,,https://sakura-eigo.com/domestic-immersion-english-continuous-learning/
281,2,`minor_local_issue`（手元で見つかる軽微な指摘）,30,留学の効果が帰国後に消えるのは、落ちやすい能力が決まっているから,0,0,0.0,True,0,2,True,台帳: 帰国後に落ちやすい順の表,最新の確認日から1日,study_abroad,6,True,207 294 37 277 289,other,supporting,silent,,タイトルの方向は study_abroad（ネイティブキャンプ留学・留学情報館）なのに、載っているのは 主DMM英会話／補speek,,https://sakura-eigo.com/philippines-english-study-after-return/
282,2,`minor_local_issue`（手元で見つかる軽微な指摘）,30,TOEIC400点台でワーホリに行く前に、点数の外側で確認する3つのこと,0,0,0.0,False,4,1,True,本文から検出: failure_diagnosis・fit_branch（台帳未記入）,最新の確認日から2日,workingholiday,6,True,305 238 23 131 149,other,supporting,silent,,タイトルの方向は workingholiday（ネイティブキャンプ留学・留学情報館）なのに、載っているのは 主スパトレ／補（なし）,,https://sakura-eigo.com/working-holiday-english-anxiety/
286,2,`minor_local_issue`（手元で見つかる軽微な指摘）,30,英語のやり直しは「反応が返るか」で3問だけ判定して決める,0,0,0.0,True,0,2,True,台帳: 反応が返るかの3問判定フロー,最新の確認日から2日,training,8,True,241 19 117 150 288 292 310,other,supporting,silent,,タイトルの方向は training（スパトレ・スタディサプリENGLISH 新日常英会話コース）なのに、載っているのは 主speek／補ネイティブキャンプ,,https://sakura-eigo.com/english-restart-at-30-speaking/
301,1,`no_local_issue_detected`（手元のデータでは指摘なし）,30,無料の留学エージェントに勧められたとき、その場で使う言い回し集,4,0,36.8,True,0,2,True,台帳: その場で使う言い回し集,最新の確認日から1日,agent,3,True,40 18,comparison,supporting,blocker,,,週次点検（2026-08-08）は「さくら個人の実現しない予定がある（あと3年しかない）。読者の悩みとして書き直す」と言っているが、**いまの本文では再現しない**。その後の全面再構成で直った可能性が高い。点検を回し直して控えを更新する,https://sakura-eigo.com/free-study-abroad-agent-bias/
526,3,`partial_restructure`（部分再構成）,30,「現地が一番早い」を費用と時間で確かめる｜1時間あたりで並べる,0,0,0.0,False,0,2,True,本文から検出: failure_diagnosis・swappable_estimate（台帳未記入）,最新の確認日から2日,default,1,False,,pricing,supporting,blocker,週次点検を回し直して再現: 案件を紹介しているのに、合わない人も注意点も書いていない,,,https://sakura-eigo.com/fast-verify-cost-time-travel/
18,1,`no_local_issue_detected`（手元のデータでは指摘なし）,10,留学エージェントの比較が終わらないなら、出発月を先に置く,0,0,0.0,False,2,2,True,台帳: 出発月からの逆算カレンダー,最新の確認日から1日,agent,3,True,301 40,comparison,supporting,blocker,,,週次点検（2026-08-08）は「料金（月4万円）があるのに基準日がない」と言っているが、**いまの本文では再現しない**。その後の全面再構成で直った可能性が高い。点検を回し直して控えを更新する,https://sakura-eigo.com/%e7%95%99%e5%ad%a6%e3%82%a8%e3%83%bc%e3%82%b8%e3%82%a7%e3%83%b3%e3%83%88%e3%81%ae%e3%81%8a%e3%81%99%e3%81%99%e3%82%81%e3%82%9218%e7%a4%be%e6%af%94%e8%bc%83%e3%81%97%e7%b6%9a%e3%81%91%e3%82%8b%e9%99%90/
19,1,`no_local_issue_detected`（手元のデータでは指摘なし）,10,英語の独学が実らないのは、入力・出力・矯正のどれかが0だから,0,0,0.0,True,8,2,True,台帳: 入力・出力・矯正の3列表,最新の確認日から1日,training,8,True,292 241 117 150 286 288 310,other,supporting,silent,,,週次点検（2026-08-08）は「制度・年齢条件の話があるのに確認日も出典もない」と言っているが、**いまの本文では再現しない**。その後の全面再構成で直った可能性が高い。点検を回し直して控えを更新する,https://sakura-eigo.com/%e3%80%8c%e8%8b%b1%e8%aa%9e-%e7%8b%ac%e5%ad%a6-%e7%a4%be%e4%bc%9a%e4%ba%ba-%e6%96%b9%e6%b3%95%e3%80%8d%e3%82%9210%e5%80%8b%e9%9b%86%e3%82%81%e3%81%a6%e3%82%82%e8%a9%b1%e3%81%9b%e3%81%aa%e3%81%84/
23,1,`no_local_issue_detected`（手元のデータでは指摘なし）,10,ワーホリの貯金はいくら必要か｜200万を自分の数字に組み替える,0,0,0.0,False,0,2,True,本文から検出: failure_diagnosis・fillable_table・fit_branch・swappable_estimate（台帳未記入）,最新の確認日から2日,workingholiday,6,True,238 131 149 305 282,pricing,supporting,blocker,,,週次点検（2026-08-08）は「制度・年齢条件の話があるのに確認日も出典もない」と言っているが、**いまの本文では再現しない**。その後の全面再構成で直った可能性が高い。点検を回し直して控えを更新する,https://sakura-eigo.com/%e3%80%8c%e3%83%af%e3%83%bc%e3%83%9b%e3%83%aa-%e8%b2%af%e9%87%91-%e3%81%84%e3%81%8f%e3%82%89%e5%bf%85%e8%a6%81%e3%80%8d%e3%81%a7%e5%87%ba%e3%81%9f200%e4%b8%87%e3%81%ab%e6%80%af%e3%81%88%e3%81%a6/
28,1,`no_local_issue_detected`（手元のデータでは指摘なし）,10,英会話が上達しない8つの理由は、1本の鎖として並べ直す,0,0,0.0,True,0,2,True,台帳: 手間と実感の差し引き表,最新の確認日から1日,eikaiwa,6,True,41 287 273 297 546,other,supporting,silent,,,,https://sakura-eigo.com/%e3%80%8c%e8%8b%b1%e4%bc%9a%e8%a9%b1-%e4%b8%8a%e9%81%94-%e3%81%97%e3%81%aa%e3%81%84-%e7%90%86%e7%94%b1%e3%80%8d%e3%81%a7%e5%87%ba%e3%82%8b8%e5%80%8b%e3%81%ae%e3%83%aa%e3%82%b9%e3%83%88%e3%82%92/
32,1,`no_local_issue_detected`（手元のデータでは指摘なし）,10,TOEIC500点から上げる勉強法｜最初に確認したい4つのこと,0,0,0.0,False,5,2,True,本文から検出: failure_diagnosis・fit_branch・pre_signup_questions（台帳未記入）,最新の確認日から2日,toeic,3,True,304 521,howto,supporting,silent,,,週次点検（2026-08-08）は「料金（月7万円）があるのに基準日がない」と言っているが、**いまの本文では再現しない**。その後の全面再構成で直った可能性が高い。点検を回し直して控えを更新する,https://sakura-eigo.com/%e3%80%8ctoeic-500%e7%82%b9-%e3%81%8b%e3%82%89-%e4%b8%8a%e3%81%92%e3%82%8b-%e6%96%b9%e6%b3%95%e3%80%8d%e3%81%a7%e5%87%ba%e3%82%8b%e5%8f%82%e8%80%83%e6%9b%b8%e3%81%a8200%e6%99%82%e9%96%93%e3%82%92/
40,1,`no_local_issue_detected`（手元のデータでは指摘なし）,10,無料の留学エージェントに相談する前に｜手数料の仕組みと聞く3つの質問,0,0,0.0,False,0,1,True,本文から検出: failure_diagnosis（台帳未記入）,最新の確認日から2日,agent,3,True,301 18,rules,supporting,silent,,,週次点検（2026-08-08）は「制度・年齢条件の話があるのに確認日も出典もない」と言っているが、**いまの本文では再現しない**。その後の全面再構成で直った可能性が高い。点検を回し直して控えを更新する,https://sakura-eigo.com/%e3%80%8c%e7%95%99%e5%ad%a6%e3%82%a8%e3%83%bc%e3%82%b8%e3%82%a7%e3%83%b3%e3%83%88-%e7%84%a1%e6%96%99-%e4%bb%95%e7%b5%84%e3%81%bf%e3%80%8d%e3%81%a7%e5%87%ba%e3%81%a6%e3%81%8f%e3%82%8b%e5%ad%a6/
67,1,`no_local_issue_detected`（手元のデータでは指摘なし）,10,フィリピン留学を申し込む前に、帰国後4週間の予定を埋める,0,0,0.0,True,0,2,True,台帳: 帰国後4週間シート,最新の確認日から2日,philippines,5,True,235 272 283 315,signup_decision,supporting,blocker,,,週次点検（2026-08-08）は「料金（月22万円）があるのに基準日がない / 案件を紹介しているのに、合わない人も注意点も書いていない」と言っているが、**いまの本文では再現しない**。その後の全面再構成で直った可能性が高い。点検を回し直して控えを更新する,https://sakura-eigo.com/%e3%80%8c%e3%83%95%e3%82%a3%e3%83%aa%e3%83%94%e3%83%b3%e7%95%99%e5%ad%a6-%e7%a4%be%e4%bc%9a%e4%ba%ba-%e3%81%8a%e3%81%99%e3%81%99%e3%82%81%e3%80%8d%e3%81%a7%e4%b8%a6%e3%81%b6%e5%ae%89%e3%81%84/
117,1,`no_local_issue_detected`（手元のデータでは指摘なし）,10,英語をゼロから始めるとき、今日やった分に明日の出番を1つ付ける,0,0,0.0,True,0,2,True,台帳: 明日の出番を作る出口リスト,最新の確認日から2日,training,8,True,19 150 241 286 288 292 310,other,supporting,silent,,,週次点検（2026-08-08）は「案件を紹介しているのに、合わない人も注意点も書いていない」と言っているが、**いまの本文では再現しない**。その後の全面再構成で直った可能性が高い。点検を回し直して控えを更新する,https://sakura-eigo.com/%e3%80%8c%e8%8b%b1%e8%aa%9e-%e3%82%bc%e3%83%ad%e3%81%8b%e3%82%89-%e7%a4%be%e4%bc%9a%e4%ba%ba-%e3%81%a9%e3%81%ae%e3%81%8f%e3%82%89%e3%81%84%e3%80%8d%e3%81%ab%e4%b8%a6%e3%81%b61000%e6%99%82%e9%96%93/
131,1,`no_local_issue_detected`（手元のデータでは指摘なし）,10,ワーホリの貯金額より先に決めたい、収入が始まるまでの月数,0,0,0.0,False,0,2,True,本文から検出: failure_diagnosis・fit_branch（台帳未記入）,最新の確認日から2日,workingholiday,6,True,238 23 149 305 282,pricing,supporting,blocker,,,週次点検（2026-08-08）は「制度・年齢条件の話があるのに確認日も出典もない」と言っているが、**いまの本文では再現しない**。その後の全面再構成で直った可能性が高い。点検を回し直して控えを更新する,https://sakura-eigo.com/%e3%80%8c%e3%82%aa%e3%83%bc%e3%82%b9%e3%83%88%e3%83%a9%e3%83%aa%e3%82%a2-%e3%83%af%e3%83%bc%e3%83%9b%e3%83%aa-%e8%b2%bb%e7%94%a8-%e3%83%aa%e3%82%a2%e3%83%ab%e3%80%8d%e3%81%ab%e4%b8%a6%e3%81%b6/
138,1,`no_local_issue_detected`（手元のデータでは指摘なし）,10,英語コーチングの費用は、総額ではなく残った月数で割って見る,0,0,0.0,True,0,2,True,台帳: 総額÷残った月数の単価計算,最新の確認日から2日,coaching,5,True,278 64 137 151,pricing,supporting,blocker,,,週次点検（2026-08-08）は「料金（月10万円）があるのに基準日がない」と言っているが、**いまの本文では再現しない**。その後の全面再構成で直った可能性が高い。点検を回し直して控えを更新する,https://sakura-eigo.com/%e3%80%8c%e8%8b%b1%e8%aa%9e%e3%82%b3%e3%83%bc%e3%83%81%e3%83%b3%e3%82%b0-%e6%96%99%e9%87%91-%e6%af%94%e8%bc%83-2024%e3%80%8d%e3%81%a7%e4%b8%a6%e3%81%b63%e3%83%b6%e6%9c%8857%e4%b8%87%e3%83%bb%e6%9c%881/
149,1,`no_local_issue_detected`（手元のデータでは指摘なし）,10,カナダ ワーホリの費用は3つの箱で出す｜まとめ記事に載らない項目,0,0,0.0,False,0,2,True,本文から検出: failure_diagnosis・fit_branch・swappable_estimate（台帳未記入）,最新の確認日から2日,workingholiday,6,True,238 23 131 305 282,pricing,supporting,blocker,,,"週次点検（2026-08-08）は「料金（3,000円）があるのに基準日がない / 制度・年齢条件の話があるのに確認日も出典もない」と言っているが、**いまの本文では再現しない**。その後の全面再構成で直った可能性が高い。点検を回し直して控えを更新する",https://sakura-eigo.com/%e3%80%8c%e3%82%ab%e3%83%8a%e3%83%80-%e3%83%af%e3%83%bc%e3%83%9b%e3%83%aa-%e8%b2%bb%e7%94%a8-2024%e3%80%8d%e3%81%a7%e4%b8%a6%e3%81%b6150%e4%b8%87%e3%83%bb250%e4%b8%87%e3%81%ae%e8%a6%8b%e7%a9%8d/
150,1,`no_local_issue_detected`（手元のデータでは指摘なし）,10,英語の勉強が続かないなら、空いた日から戻る手順を先に決める,0,0,0.0,True,0,2,True,台帳: 空いた日から戻る復帰手順,最新の確認日から1日,training,8,True,19 117 241 286 288 292 310,howto,supporting,silent,,,週次点検（2026-08-08）は「案件を紹介しているのに、合わない人も注意点も書いていない」と言っているが、**いまの本文では再現しない**。その後の全面再構成で直った可能性が高い。点検を回し直して控えを更新する,https://sakura-eigo.com/%e3%80%8c%e8%8b%b1%e8%aa%9e-%e5%8b%89%e5%bc%b7%e6%b3%95-30%e4%bb%a3-%e3%81%8b%e3%82%89%e3%80%8d%e3%81%a7%e4%b8%a6%e3%81%b6%e4%b8%ad%e5%ad%a6%e6%96%87%e6%b3%95%e3%82%84%e3%82%8a%e7%9b%b4/
151,1,`no_local_issue_detected`（手元のデータでは指摘なし）,10,「英語コーチングは意味ない」を、自分の条件へ翻訳する4つの問い,0,0,0.0,True,0,2,True,台帳: 「意味ない」を翻訳する4問,最新の確認日から2日,coaching,5,True,278 64 137 138,rules,supporting,silent,,,週次点検（2026-08-08）は「料金（月20万円）があるのに基準日がない」と言っているが、**いまの本文では再現しない**。その後の全面再構成で直った可能性が高い。点検を回し直して控えを更新する,https://sakura-eigo.com/%e3%80%8c%e8%8b%b1%e8%aa%9e%e3%82%b3%e3%83%bc%e3%83%81%e3%83%b3%e3%82%b0-%e6%84%8f%e5%91%b3%e3%81%aa%e3%81%84%e3%80%8d%e3%81%a7%e4%b8%a6%e3%81%b6%e9%ab%98%e3%81%84%e3%83%bb%e7%b5%90%e5%b1%80/
207,1,`no_local_issue_detected`（手元のデータでは指摘なし）,10,留学の不安は、調べて消える・試して縮む・残るの3つに分ける,0,0,0.0,False,0,2,True,台帳: 不安の仕分けシート（A調べれば消える/B試せば縮む/C残る）,最新の確認日から1日,study_abroad,6,True,294 281 37 277 289,other,supporting,silent,,,週次点検（2026-08-08）は「さくら個人の実現しない予定がある（あと3年しかない）。読者の悩みとして書き直す」と言っているが、**いまの本文では再現しない**。その後の全面再構成で直った可能性が高い。点検を回し直して控えを更新する,https://sakura-eigo.com/%e3%80%8c%e7%a4%be%e4%bc%9a%e4%ba%ba-%e7%95%99%e5%ad%a6-%e4%bb%95%e4%ba%8b%e8%be%9e%e3%82%81%e3%82%8b-%e4%b8%8d%e5%ae%89%e3%80%8d%e3%81%a7%e4%b8%a6%e3%81%b6%e5%86%8d%e5%b0%b1%e8%81%b7%e3%83%bb/
238,1,`no_local_issue_detected`（手元のデータでは指摘なし）,10,ワーホリに間に合うかを調べる前に、分けておきたい2つの締切,0,0,0.0,True,0,2,True,台帳: 申請7工程の逆算表,最新の確認日から1日,workingholiday,6,True,23 131 149 305 282,howto,supporting,silent,,,週次点検（2026-08-08）は「制度・年齢条件の話があるのに確認日も出典もない / 案件を紹介しているのに、合わない人も注意点も書いていない」と言っているが、**いまの本文では再現しない**。その後の全面再構成で直った可能性が高い。点検を回し直して控えを更新する,https://sakura-eigo.com/%e3%80%8c%e3%83%af%e3%83%bc%e3%83%9b%e3%83%aa-30%e6%ad%b3-%e9%96%93%e3%81%ab%e5%90%88%e3%81%86%e3%81%8b%e3%80%8d%e3%81%a7%e4%b8%a6%e3%81%b6%e3%82%ae%e3%83%aa%e3%83%9b%e3%83%aa%e3%83%bb%e5%9b%bd/
241,1,`no_local_issue_detected`（手元のデータでは指摘なし）,10,独学をやめずに、反応が返る2つの工程だけを外に出す,0,0,0.0,True,0,2,True,台帳: 独学の工程の切り分け表,最新の確認日から2日,training,8,True,286 292 19 117 150 288 310,diagnosis,supporting,silent,,,,https://sakura-eigo.com/second-language-acquisition-theory-gap/
272,1,`no_local_issue_detected`（手元のデータでは指摘なし）,10,フィリピン留学の費用を社会人が計算する方法｜表に載らない2つの箱,0,0,0.0,False,7,2,True,本文から検出: failure_diagnosis・swappable_estimate（台帳未記入）,最新の確認日から2日,philippines,5,True,67 235 283 315,pricing,supporting,blocker,,,,https://sakura-eigo.com/philippines-study-abroad-adult-costs/
273,1,`no_local_issue_detected`（手元のデータでは指摘なし）,10,オンライン英会話で自分が話した秒数を、録音して測る,0,0,0.0,True,0,2,True,台帳: 発話秒数の計測手順,最新の確認日から1日,eikaiwa,6,True,297 546 28 41 287,other,supporting,silent,,,,https://sakura-eigo.com/online-english-conversation-speaking-time/
278,1,`no_local_issue_detected`（手元のデータでは指摘なし）,10,英語コーチングに払う前に確認する3つのこと｜卒業後に何が残るか,0,0,0.0,False,5,1,True,本文から検出: failure_diagnosis・fit_branch・pre_signup_questions・swappable_estimate（台帳未記入）,最新の確認日から2日,coaching,5,True,64 137 138 151,other,supporting,silent,,,,https://sakura-eigo.com/english-coaching-after-graduation/
283,1,`no_local_issue_detected`（手元のデータでは指摘なし）,10,セブ島留学に初心者で行く前に｜事前学習が続かないときに見るところ,0,0,0.0,False,0,2,True,本文から検出: failure_diagnosis・fit_branch（台帳未記入）,最新の確認日から2日,philippines,5,True,235 315 67 272,howto,supporting,silent,,,,https://sakura-eigo.com/cebu-beginner-mistakes-design/
287,1,`no_local_issue_detected`（手元のデータでは指摘なし）,10,英会話を毎日受ける意味は、出席ではなく回収の数で決まる,0,0,0.0,True,0,2,True,台帳: 詰まり回収ノート（出席と回収を分ける）,最新の確認日から1日,eikaiwa,6,True,28 41 273 297 546,other,supporting,silent,,,,https://sakura-eigo.com/english-conversation-daily-effectiveness/
288,1,`no_local_issue_detected`（手元のデータでは指摘なし）,10,スパトレの評判より先に｜予習不要のサービスを選ぶ前に確認したい3つのこと,0,0,0.0,False,0,1,True,本文から検出: failure_diagnosis・fit_branch（台帳未記入）,最新の確認日から2日,training,8,True,19 117 150 241 286 292 310,review,supporting,blocker,,,,https://sakura-eigo.com/spatalk-review-working-adults-habits/
289,1,`no_local_issue_detected`（手元のデータでは指摘なし）,10,30代の海外移住が遅いかは、年齢ではなく締切の有無で決まる,0,0,0.0,True,0,2,True,台帳: 締切のある入口とない入口の切り分け＋費用6項目,最新の確認日から1日,study_abroad,6,True,37 207 277 281 294,pricing,supporting,blocker,,,,https://sakura-eigo.com/overseas-move-30s-not-late/
292,1,`no_local_issue_detected`（手元のデータでは指摘なし）,10,英語の独学が3日で止まる人が、教材を買う前に確認する3つのこと,0,0,0.0,True,0,2,True,台帳: 独学の限界を上限と継続に分ける確認項目,最新の確認日から1日,training,8,True,241 19 117 150 286 288 310,howto,supporting,silent,,,,https://sakura-eigo.com/english-self-study-procrastination-30s/
294,1,`no_local_issue_detected`（手元のデータでは指摘なし）,10,留学の比較が終わらないときに、決め方のほうを先に決める手順,0,0,0.0,True,0,2,True,台帳: 候補3つの比較表,最新の確認日から1日,study_abroad,6,True,37 207 281 277 289,comparison,supporting,blocker,,,,https://sakura-eigo.com/study-abroad-decision-deadline/
297,1,`no_local_issue_detected`（手元のデータでは指摘なし）,10,オンライン英会話が続かない人は、4つの脱落地点のどこで止まるか,0,0,0.0,False,0,2,True,台帳: 脱落地点マップ（4か所）,最新の確認日から1日,eikaiwa,6,True,546 273 28 41 287,howto,supporting,silent,,,,https://sakura-eigo.com/dmm-eikaiwa-beginner-consistency-check/
304,1,`no_local_issue_detected`（手元のデータでは指摘なし）,10,TOEIC 600点で止まっているとき、勉強法を変える前に確認する4つのこと,0,0,0.0,False,6,2,True,本文から検出: failure_diagnosis・fit_branch（台帳未記入）,最新の確認日から2日,toeic,3,True,32 521,howto,supporting,silent,,,,https://sakura-eigo.com/toeic-600-plateau-breakthrough-study/
310,1,`no_local_issue_detected`（手元のデータでは指摘なし）,10,無料・低価格の英語アプリで足りる人と、足りない人の分かれ目,0,0,0.0,False,3,2,True,本文から検出: fit_branch・swappable_estimate（台帳未記入）,最新の確認日から2日,training,8,True,19 117 150 241 286 288 292,diagnosis,supporting,silent,,,週次点検（2026-08-08）は「料金（月900円）があるのに基準日がない / 案件を紹介しているのに、合わない人も注意点も書いていない」と言っているが、**いまの本文では再現しない**。その後の全面再構成で直った可能性が高い。点検を回し直して控えを更新する,https://sakura-eigo.com/cheap-english-learning-apps-free/
315,1,`no_local_issue_detected`（手元のデータでは指摘なし）,10,セブ島留学の学校を選ぶ4つの確認項目｜コマ数より復習の余白,0,0,0.0,False,6,2,True,本文から検出: failure_diagnosis・fit_branch・swappable_estimate（台帳未記入）,最新の確認日から2日,philippines,5,True,283 235 67 272,diagnosis,supporting,silent,,,,https://sakura-eigo.com/cebu-island-one-month-study-abroad/
521,1,`no_local_issue_detected`（手元のデータでは指摘なし）,10,TOEICリスニングが止まっているとき、聞き流しを続ける前に確認する3つのこと,0,0,0.0,False,3,2,True,本文から検出: failure_diagnosis・fit_branch（台帳未記入）,最新の確認日から2日,toeic,3,True,304 32,howto,supporting,silent,,,,https://sakura-eigo.com/toeic-listening-325-to-improvement/
546,1,`no_local_issue_detected`（手元のデータでは指摘なし）,10,オンライン英会話が続かないのは、話し始めるまでの手数が多いから,0,0,0.0,True,7,1,True,台帳: 手数の数え方＋1回あたりの試算,最新の確認日から2日,eikaiwa,6,True,297 273 28 41 287,howto,supporting,silent,,,,https://sakura-eigo.com/online-english-lessons-90-days-success/
27,1,`no_local_issue_detected`（手元のデータでは指摘なし）,0,英語に何時間かかるかは、自分の用途を絞ってから計算する,0,0,0.0,True,0,2,True,台帳: 用途の絞り込みシート,最新の確認日から1日,default,1,False,,other,supporting,silent,,,,https://sakura-eigo.com/%e3%80%8c%e8%8b%b1%e8%aa%9e-%e3%83%9a%e3%83%a9%e3%83%9a%e3%83%a9-%e3%81%ab%e3%81%aa%e3%82%8b-%e6%9c%9f%e9%96%93%e3%80%8d%e3%81%a7%e5%87%ba%e3%82%8b2000%e6%99%82%e9%96%93%e3%83%bb2%e5%b9%b4/
33,1,`no_local_issue_detected`（手元のデータでは指摘なし）,0,仕事の英語の電話は、職務の10場面を頻度順に並べて上位3つを固める,0,0,0.0,False,0,2,True,台帳: 職務10場面の頻度順表＋英文の型,最新の確認日から1日,default,1,False,,other,supporting,silent,,,週次点検（2026-08-08）は「案件を紹介しているのに、合わない人も注意点も書いていない」と言っているが、**いまの本文では再現しない**。その後の全面再構成で直った可能性が高い。点検を回し直して控えを更新する,https://sakura-eigo.com/%e3%80%8c%e3%83%93%e3%82%b8%e3%83%8d%e3%82%b9%e8%8b%b1%e8%aa%9e-%e5%8b%89%e5%bc%b7%e6%b3%95-%e7%a4%be%e4%bc%9a%e4%ba%ba%e3%80%8d%e3%81%a7%e5%87%ba%e3%82%8b%e5%ae%9a%e5%9e%8b%e8%a1%a8%e7%8f%be%e3%82%92/
42,1,`no_local_issue_detected`（手元のデータでは指摘なし）,0,仕事の英語で詰まるなら、1000時間より先に「使う十数文」を数える,0,0,0.0,True,0,2,True,台帳: 職務で使う英文9型,最新の確認日から1日,default,1,False,,howto,supporting,silent,,,週次点検（2026-08-08）は「案件を紹介しているのに、合わない人も注意点も書いていない」と言っているが、**いまの本文では再現しない**。その後の全面再構成で直った可能性が高い。点検を回し直して控えを更新する,https://sakura-eigo.com/%e3%80%8c%e4%bb%95%e4%ba%8b-%e8%8b%b1%e8%aa%9e-%e5%bf%85%e8%a6%81-%e3%81%aa%e3%81%ae%e3%81%ab-%e3%81%a7%e3%81%8d%e3%81%aa%e3%81%84%e3%80%8d%e3%81%a7%e4%b8%a6%e3%81%b6%e5%bf%83%e3%81%ae%e6%8c%81/
61,1,`no_local_issue_detected`（手元のデータでは指摘なし）,0,英語のやる気が出ないのは、他人に握られた締切が0本だから,0,0,0.0,True,0,2,True,台帳: 締切の棚卸し表＋求人からスコア逆引き,最新の確認日から1日,default,1,False,,other,supporting,silent,,,週次点検（2026-08-08）は「案件を紹介しているのに、合わない人も注意点も書いていない」と言っているが、**いまの本文では再現しない**。その後の全面再構成で直った可能性が高い。点検を回し直して控えを更新する,https://sakura-eigo.com/%e3%80%8c%e8%8b%b1%e8%aa%9e-%e5%8b%89%e5%bc%b7-%e3%83%a2%e3%83%81%e3%83%99-%e4%b8%8a%e3%81%92%e3%82%8b-%e6%96%b9%e6%b3%95%e3%80%8d%e3%81%a7%e4%b8%a6%e3%81%b6%e7%9b%ae%e6%a8%99%e8%a8%ad%e5%ae%9a/
136,1,`no_local_issue_detected`（手元のデータでは指摘なし）,0,「英語できなくても移住できる」は、入口を越えたあとの話,0,0,0.0,True,0,2,True,台帳: 入口の手前／入口／入ったあとの3段表,最新の確認日から1日,default,1,False,,pricing,primary_recommendation,blocker,,,週次点検（2026-08-08）は「制度・年齢条件の話があるのに確認日も出典もない」と言っているが、**いまの本文では再現しない**。その後の全面再構成で直った可能性が高い。点検を回し直して控えを更新する,https://sakura-eigo.com/%e3%80%8c%e6%b5%b7%e5%a4%96%e7%a7%bb%e4%bd%8f-%e6%ba%96%e5%82%99-%e8%8b%b1%e8%aa%9e%e3%81%a7%e3%81%8d%e3%81%aa%e3%81%84%e3%80%8d%e3%81%ab%e4%b8%a6%e3%81%b6%e8%8b%b1%e8%aa%9e%e3%81%a7%e3%81%8d/
232,1,`no_local_issue_detected`（手元のデータでは指摘なし）,0,大人の発音は直らないのか｜年齢の前に確認する2つのこと,0,0,0.0,False,0,1,True,本文から検出: failure_diagnosis（台帳未記入）,最新の確認日から2日,pronunciation,1,False,,other,supporting,silent,,,,https://sakura-eigo.com/%e3%80%8c%e8%8b%b1%e8%aa%9e-%e7%99%ba%e9%9f%b3-%e7%9b%b4%e3%82%89%e3%81%aa%e3%81%84-%e5%a4%a7%e4%ba%ba%e3%80%8d%e3%81%a7%e4%b8%a6%e3%81%b6l-r%e3%83%bb%e7%99%ba%e9%9f%b3%e8%a8%98%e5%8f%b7%e3%83%bb/
