decided_on,claim_id_at_decision,post_ids,target,action_normalized,sentence_head,decision,reason,decided_by
2026-08-08,C025,,留学情報館,利用,ここで留学情報館のような、現地の生活や学校選びまで相談できる窓口を使うと,false_positive,条件節。「使うと〜減る」であって使った体験ではない,運営者
2026-08-08,C134,,ネイティブキャンプ留学,開始,ネイティブキャンプ留学は、実際に飛ぶ前に費用の見積もりを無料で出してくれるので,false_positive,目的語の取り違え。始めたのは「確かめること」,運営者
2026-08-08,C138,,speek,試用,speekで自分の発音の現在地を数字にして,false_positive,未来・仮定の話。利用体験ではない,運営者
2026-08-08,C064,,TOEIC,中断,今の私は、TOEICの点を追うのをいったん止めている,out_of_scope_service,サービス利用ではない。experience_facts 側の候補として扱う,運営者
2026-08-08,C070,288,スパトレ,試用,スパトレを検討する前、私は予習が要らない英会話サービスを実際にいくつか試している,unknown,「複数サービス」にスパトレが含まれる根拠が要る。要文脈確認,運営者
2026-08-08,C011,27 64 18,留学情報館,登録,留学情報館の無料カウンセリングを申し込んだとき,pending_owner_check,申込履歴があれば verified,—
2026-08-08,C017,273 61,スパトレ,試用,スパトレを試したとき、第二言語習得論をベースにした,pending_owner_check,実際の利用有無を確認,—
2026-08-08,C027,304 32,speek,試用,そこで発音そのものを見てもらえる仕組みを探して、speekを試した,pending_owner_check,利用履歴を確認,—
2026-08-08,C092,301,留学情報館,利用,留学情報館の無料カウンセリングは、提携校の中からの提案だという前提を,pending_owner_check,実際に無料相談等を利用したか確認,—
