post_id,title,url,pattern,matched,kind,action,why,sentence
546,オンライン英会話が3日で終わっていた私が、予約をやめて続いた90日,https://sakura-eigo.com/online-english-lessons-90-days-success/,未確認の経歴,営業事務,個人の設定,削除する,台帳に無い経歴。職種・年数は書けない,営業事務の残業で夜が崩れると、その予約さえ取らなくなる。
546,オンライン英会話が3日で終わっていた私が、予約をやめて続いた90日,https://sakura-eigo.com/online-english-lessons-90-days-success/,年齢の明示,27歳,個人の設定,削除する,台帳に無いさくら固有の事実。読者の条件に置き換える,5年後回しにしてきた27歳の私と同じ場所で止まっている人に、少しでも早く届くといい。
546,オンライン英会話が3日で終わっていた私が、予約をやめて続いた90日,https://sakura-eigo.com/online-english-lessons-90-days-success/,未確認の経歴,5年後回し,個人の設定,削除する,台帳に無い経歴。職種・年数は書けない,5年後回しにしてきた27歳の私と同じ場所で止まっている人に、少しでも早く届くといい。
546,オンライン英会話が3日で終わっていた私が、予約をやめて続いた90日,https://sakura-eigo.com/online-english-lessons-90-days-success/,期限の宣言,30歳になる前,個人の設定,削除する,台帳に無いさくら固有の事実。読者の条件に置き換える,続かなかった3回に共通していたこと 弱いのは意志じゃなくて、話し始めるまでの手数だった 具体策：思い立ってから話すまでの「手数」を数える 上位の「続けるコツ」が、残業で夜が崩れる私には逆に効かなかった 「毎日同じ時間に固定」が崩れた日に、罪悪感だけ残る 「講師を固定」も「複数講師を検討」も、予約の手数を増やす 具体策：固定するのは時間じゃなく&#8221;合
546,オンライン英会話が3日で終わっていた私が、予約をやめて続いた90日,https://sakura-eigo.com/online-english-lessons-90-days-success/,未確認の経歴,営業事務,個人の設定,削除する,台帳に無い経歴。職種・年数は書けない,ただ営業事務の私は、月末や繁忙期に残業が入ると、その固定枠が真っ先に崩れる。
546,オンライン英会話が3日で終わっていた私が、予約をやめて続いた90日,https://sakura-eigo.com/online-english-lessons-90-days-success/,期限の宣言,30歳になる前,個人の設定,削除する,台帳に無いさくら固有の事実。読者の条件に置き換える,30歳になる前に、また「続かない」で検索して閉じる前の一手 続くかは講師の質より「話し始めるまでの秒数」で決まる もし次にオンライン英会話を選ぶなら、私は口コミの星の数でも講師の国籍でもなく、「思い立ってから話し始めるまでの秒数」を最初に見る。
546,オンライン英会話が3日で終わっていた私が、予約をやめて続いた90日,https://sakura-eigo.com/online-english-lessons-90-days-success/,期限の宣言,30歳になる前,個人の設定,削除する,本人の期限の宣言。読者自身の問題に置き換える,それでも、5年後回しにしてきた英語を30歳になる前に動かせるかどうかは、いい講師に出会えるかどうかより、今日その5分を、予約画面で閉じずに話し始められるかで決まる。
546,オンライン英会話が3日で終わっていた私が、予約をやめて続いた90日,https://sakura-eigo.com/online-english-lessons-90-days-success/,未確認の経歴,5年後回し,個人の設定,削除する,台帳に無い経歴。職種・年数は書けない,それでも、5年後回しにしてきた英語を30歳になる前に動かせるかどうかは、いい講師に出会えるかどうかより、今日その5分を、予約画面で閉じずに話し始められるかで決まる。
546,オンライン英会話が3日で終わっていた私が、予約をやめて続いた90日,https://sakura-eigo.com/online-english-lessons-90-days-success/,旧CTA見出し,さくらが確かめた,旧CTA見出し,削除する,CTAボックスの旧見出し。生成側は直済み,▶ さくらが確かめた・次の一手（すべて無料） → QQ English公式サイトでレッスンの内容と料金を確認する → ネイティブキャンプ（予約不要・レッスン回数無制限）の無料トライアルを試す ※本記事にはアフィリエイトリンクが含まれます（PR）
273,25分のレッスンで私が話した英語は数十秒、続かない理由はそこにあった,https://sakura-eigo.com/online-english-conversation-speaking-time/,年齢の明示,27歳,個人の設定,削除する,台帳に無いさくら固有の事実。読者の条件に置き換える,27歳の私が、いつかワーホリで海外に行きたいと言い続けて、5年が過ぎた。
273,25分のレッスンで私が話した英語は数十秒、続かない理由はそこにあった,https://sakura-eigo.com/online-english-conversation-speaking-time/,期限の宣言,30歳まで,個人の設定,削除する,本人の期限の宣言。読者自身の問題に置き換える,30歳までに間に合うのか、ワーホリの英語力に届くのか、確信はまだない。
273,25分のレッスンで私が話した英語は数十秒、続かない理由はそこにあった,https://sakura-eigo.com/online-english-conversation-speaking-time/,旧CTA見出し,さくらが確かめた,旧CTA見出し,削除する,CTAボックスの旧見出し。生成側は直済み,▶ さくらが確かめた・次の一手（すべて無料） → スパトレ（第二言語習得論ベースの英語トレーニング）の7日間無料体験を見る → スタディサプリENGLISH 新日常英会話コースを無料体験する ※本記事にはアフィリエイトリンクが含まれます（PR）
281,帰国後の半年で消える英語を、「効果なし」と呼ぶ前に確認したい3つの数字,https://sakura-eigo.com/philippines-english-study-after-return/,年齢の明示,27歳,個人の設定,削除する,台帳に無いさくら固有の事実。読者の条件に置き換える,27歳の私は英語をずっと来月に送り続けてきて、30歳までにワーホリで一度海外で働いてみたいという願いだけが古びずに残っている。
281,帰国後の半年で消える英語を、「効果なし」と呼ぶ前に確認したい3つの数字,https://sakura-eigo.com/philippines-english-study-after-return/,期限の宣言,30歳まで,個人の設定,削除する,台帳に無いさくら固有の事実。読者の条件に置き換える,27歳の私は英語をずっと来月に送り続けてきて、30歳までにワーホリで一度海外で働いてみたいという願いだけが古びずに残っている。
281,帰国後の半年で消える英語を、「効果なし」と呼ぶ前に確認したい3つの数字,https://sakura-eigo.com/philippines-english-study-after-return/,未確認の経歴,営業事務,個人の設定,削除する,台帳に無い経歴。職種・年数は書けない,私の営業事務の1日を思い返すと、英語が顔を出す隙間が本当にない。
281,帰国後の半年で消える英語を、「効果なし」と呼ぶ前に確認したい3つの数字,https://sakura-eigo.com/philippines-english-study-after-return/,未確認の経歴,営業事務,個人の設定,削除する,台帳に無い経歴。職種・年数は書けない,この中で、営業事務の私が平日の夜でも無理なく続けられるのはオンラインだった。
281,帰国後の半年で消える英語を、「効果なし」と呼ぶ前に確認したい3つの数字,https://sakura-eigo.com/philippines-english-study-after-return/,未確認の経歴,営業事務,個人の設定,削除する,台帳に無い経歴。職種・年数は書けない,24時間好きな時間に予約でき、営業事務の残業で遅くなった日でも22時台のレッスンが取れる。
281,帰国後の半年で消える英語を、「効果なし」と呼ぶ前に確認したい3つの数字,https://sakura-eigo.com/philippines-english-study-after-return/,未確認の経歴,5年後回し,個人の設定,削除する,台帳に無い経歴。職種・年数は書けない,それが、5年後回しにしてきた私が踏める、いちばん軽い最初の1歩だった。
281,帰国後の半年で消える英語を、「効果なし」と呼ぶ前に確認したい3つの数字,https://sakura-eigo.com/philippines-english-study-after-return/,旧CTA見出し,さくらが確かめた,旧CTA見出し,削除する,CTAボックスの旧見出し。生成側は直済み,▶ さくらが確かめた・次の一手（すべて無料） → ネイティブキャンプ留学で留学費用の無料見積もりを取る → フィリピン留学ナビの無料相談会に申し込む ※本記事にはアフィリエイトリンクが含まれます（PR）
286,単語帳を数ページで閉じてきた27歳が、口に出して初めて気づく「何から」の答え,https://sakura-eigo.com/english-restart-at-30-speaking/,未確認の経歴,営業事務,個人の設定,削除する,台帳に無い経歴。職種・年数は書けない,営業事務の1日を終えて、22時に帰宅して、それから赤シートと向き合う元気が毎晩湧く人は、たぶんこの検索をしていない。
286,単語帳を数ページで閉じてきた27歳が、口に出して初めて気づく「何から」の答え,https://sakura-eigo.com/english-restart-at-30-speaking/,年齢の明示,27歳,個人の設定,削除する,台帳に無いさくら固有の事実。読者の条件に置き換える,27歳になった今、その5年を振り返ると、私は基礎を固めていたんじゃなくて、話さずに済む言い訳を毎晩補充していただけだった。
286,単語帳を数ページで閉じてきた27歳が、口に出して初めて気づく「何から」の答え,https://sakura-eigo.com/english-restart-at-30-speaking/,期限の宣言,30歳まで,個人の設定,削除する,台帳に無いさくら固有の事実。読者の条件に置き換える,「30歳までにワーホリでオーストラリアに行く」「現地のカフェで働けるくらいの英語」「旅先で自分から人に話しかけられる自分」。
286,単語帳を数ページで閉じてきた27歳が、口に出して初めて気づく「何から」の答え,https://sakura-eigo.com/english-restart-at-30-speaking/,年齢の明示,27歳,個人の設定,削除する,台帳に無いさくら固有の事実。読者の条件に置き換える,使い切ったとき、私は英語を諦めた27歳のままオーストラリアの話をしなくなるんじゃないか。
286,単語帳を数ページで閉じてきた27歳が、口に出して初めて気づく「何から」の答え,https://sakura-eigo.com/english-restart-at-30-speaking/,年齢の明示,27歳,個人の設定,削除する,台帳に無いさくら固有の事実。読者の条件に置き換える,27歳の私に残された時間で、いちばんもったいないのは、また来月へ送ることだ。
286,単語帳を数ページで閉じてきた27歳が、口に出して初めて気づく「何から」の答え,https://sakura-eigo.com/english-restart-at-30-speaking/,旧CTA見出し,さくらが確かめた,旧CTA見出し,削除する,CTAボックスの旧見出し。生成側は直済み,▶ さくらが確かめた・次の一手（すべて無料） → ネイティブキャンプ留学で留学費用の無料見積もりを取る → 留学情報館で無料カウンセリングを申し込む ※本記事にはアフィリエイトリンクが含まれます（PR）
289,5年後回しにした英語が、30歳のワーホリ申請期限を奪っていく,https://sakura-eigo.com/overseas-move-30s-not-late/,年齢の明示,27歳,判定保留,人が読む,一人称でも読者向けでも制度でもない。文脈を見る,27歳。
289,5年後回しにした英語が、30歳のワーホリ申請期限を奪っていく,https://sakura-eigo.com/overseas-move-30s-not-late/,未確認の経歴,営業事務,個人の設定,削除する,台帳に無い経歴。職種・年数は書けない,ワーホリに行きたいと言い続けて、英語をやろうと思い続けて、営業事務の仕事に埋もれながら、日曜だけ移住ブログを開く。
289,5年後回しにした英語が、30歳のワーホリ申請期限を奪っていく,https://sakura-eigo.com/overseas-move-30s-not-late/,年齢の明示,27歳,制度の条件（不足あり）,補うか削除する,制度として残すなら 国名・一次情報URL・確認日 が要る,ただし条件がひとつ抜けている 強みのリストには、ひとつだけ欠けている項目がある 「遅い」を年齢と行動に切り分けると、正体が見えた 年齢の一般論に溶かされている、たったひとつの本物の締切 「申請時に30歳以下」という1行が、私の先延ばしに日付を打った 31歳でも滑り込める国と、そうでない国がある ワーホリを逃しても残るドアと、逃したら二度と開かないドア 「英語
289,5年後回しにした英語が、30歳のワーホリ申請期限を奪っていく,https://sakura-eigo.com/overseas-move-30s-not-late/,年齢の明示,25歳,個人の設定,削除する,台帳に無いさくら固有の事実。読者の条件に置き換える,私が怖がっていたのは数字ではなく、使わなかった時間だった 25歳のとき、英語をやろうと決めた。
289,5年後回しにした英語が、30歳のワーホリ申請期限を奪っていく,https://sakura-eigo.com/overseas-move-30s-not-late/,未確認の経歴,営業事務,個人の設定,削除する,台帳に無い経歴。職種・年数は書けない,営業事務で5年やってきた経理知識や書類処理のスキルは、海外の日系企業や現地企業でそれなりに評価される。
289,5年後回しにした英語が、30歳のワーホリ申請期限を奪っていく,https://sakura-eigo.com/overseas-move-30s-not-late/,年齢の明示,25歳,個人の設定,削除する,台帳に無いさくら固有の事実。読者の条件に置き換える,貯金についても、25歳の私にはワーホリの初期費用すら現実味がなかった。
289,5年後回しにした英語が、30歳のワーホリ申請期限を奪っていく,https://sakura-eigo.com/overseas-move-30s-not-late/,期限の宣言,30歳まで,制度の条件（不足あり）,補うか削除する,制度として残すなら 国名 が要る,「申請時に30歳以下」という1行が、私の先延ばしに日付を打った ワーホリの多くは、申請時点で原則18歳から30歳までという年齢制限がある（外務省の公表内容・2026年8月6日時点）。
289,5年後回しにした英語が、30歳のワーホリ申請期限を奪っていく,https://sakura-eigo.com/overseas-move-30s-not-late/,年齢の明示,27歳,個人の設定,削除する,台帳に無いさくら固有の事実。読者の条件に置き換える,私は27歳。
289,5年後回しにした英語が、30歳のワーホリ申請期限を奪っていく,https://sakura-eigo.com/overseas-move-30s-not-late/,年齢の明示,27歳,個人の設定,削除する,台帳に無いさくら固有の事実。読者の条件に置き換える,27歳の私が、渡航までの12ヶ月を月単位で埋める 締切から逆算するなら、渡航予定日を仮に置くところから始まる。
289,5年後回しにした英語が、30歳のワーホリ申請期限を奪っていく,https://sakura-eigo.com/overseas-move-30s-not-late/,年齢の明示,27歳,判定保留,人が読む,一人称でも読者向けでも制度でもない。文脈を見る,27歳の後回しを、そのまま30歳の後悔に横滑りさせたくない。
289,5年後回しにした英語が、30歳のワーホリ申請期限を奪っていく,https://sakura-eigo.com/overseas-move-30s-not-late/,旧CTA見出し,さくらが確かめた,旧CTA見出し,削除する,CTAボックスの旧見出し。生成側は直済み,▶ さくらが確かめた・次の一手（すべて無料） → ネイティブキャンプ留学で留学費用の無料見積もりを取る → 留学情報館で無料カウンセリングを申し込む ※本記事にはアフィリエイトリンクが含まれます（PR）
292,27歳、3日で閉じてきた独学を続ける前に確認すべき3つの数字,https://sakura-eigo.com/english-self-study-procrastination-30s/,未確認の経歴,営業事務,個人の設定,削除する,台帳に無い経歴。職種・年数は書けない,営業事務の残業で肩がこって、コンビニの袋を玄関に置いたまま、ソファに沈んだ。
292,27歳、3日で閉じてきた独学を続ける前に確認すべき3つの数字,https://sakura-eigo.com/english-self-study-procrastination-30s/,年齢の明示,27歳,判定保留,人が読む,一人称でも読者向けでも制度でもない。文脈を見る,買っては閉じ、開いては忘れ、を27歳になるまで続けてきた。
292,27歳、3日で閉じてきた独学を続ける前に確認すべき3つの数字,https://sakura-eigo.com/english-self-study-procrastination-30s/,期限の宣言,30歳まで,個人の設定,削除する,台帳に無いさくら固有の事実。読者の条件に置き換える,ワーホリに行きたいという願望はあるけれど、それはふわっと「30歳までに」という霧の中にあって、今週の私を動かす力を持たない。
292,27歳、3日で閉じてきた独学を続ける前に確認すべき3つの数字,https://sakura-eigo.com/english-self-study-procrastination-30s/,期限の宣言,30歳まで,制度の条件（不足あり）,補うか削除する,制度として残すなら 国名 が要る,ほとんどの国で、申請時点で原則30歳まで（外務省の公表内容・2026年8月6日時点）。
292,27歳、3日で閉じてきた独学を続ける前に確認すべき3つの数字,https://sakura-eigo.com/english-self-study-procrastination-30s/,年齢の明示,27歳,個人の設定,削除する,台帳に無いさくら固有の事実。読者の条件に置き換える,私が今27歳ということは、残りは実質2年ちょっと。
292,27歳、3日で閉じてきた独学を続ける前に確認すべき3つの数字,https://sakura-eigo.com/english-self-study-procrastination-30s/,年齢の明示,27歳,個人の設定,削除する,本人の期限の宣言。読者自身の問題に置き換える,今27歳、申請の締切が30歳の誕生日だとして、残り2年8ヶ月ほど。
292,27歳、3日で閉じてきた独学を続ける前に確認すべき3つの数字,https://sakura-eigo.com/english-self-study-procrastination-30s/,期限の宣言,残り2年,個人の設定,削除する,本人の期限の宣言。読者自身の問題に置き換える,今27歳、申請の締切が30歳の誕生日だとして、残り2年8ヶ月ほど。
292,27歳、3日で閉じてきた独学を続ける前に確認すべき3つの数字,https://sakura-eigo.com/english-self-study-procrastination-30s/,期限の宣言,残り2年,個人の設定,削除する,本人の期限の宣言。読者自身の問題に置き換える,残り2年8ヶ月で、まともに使える回数はもう5回か6回しかない。
292,27歳、3日で閉じてきた独学を続ける前に確認すべき3つの数字,https://sakura-eigo.com/english-self-study-procrastination-30s/,期限の宣言,残り2年,個人の設定,削除する,本人の期限の宣言。読者自身の問題に置き換える,そして残り2年8ヶ月という締切。
292,27歳、3日で閉じてきた独学を続ける前に確認すべき3つの数字,https://sakura-eigo.com/english-self-study-procrastination-30s/,年齢の明示,27歳,個人の設定,削除する,本人の期限の宣言。読者自身の問題に置き換える,27歳になるまで鍛えられなかったものを、あと2年8ヶ月で鍛える自信はない。
292,27歳、3日で閉じてきた独学を続ける前に確認すべき3つの数字,https://sakura-eigo.com/english-self-study-procrastination-30s/,期限の宣言,あと2年,個人の設定,削除する,本人の期限の宣言。読者自身の問題に置き換える,27歳になるまで鍛えられなかったものを、あと2年8ヶ月で鍛える自信はない。
292,27歳、3日で閉じてきた独学を続ける前に確認すべき3つの数字,https://sakura-eigo.com/english-self-study-procrastination-30s/,旧CTA見出し,さくらが確かめた,旧CTA見出し,削除する,CTAボックスの旧見出し。生成側は直済み,▶ さくらが確かめた・次の一手（すべて無料） → スパトレ（第二言語習得論ベースの英語トレーニング）の7日間無料体験を見る → スタディサプリENGLISH 新日常英会話コースを無料体験する ※本記事にはアフィリエイトリンクが含まれます（PR）
305,TOEIC600点より先に、初日の薬局で症状を伝えられるか確かめる,https://sakura-eigo.com/working-holiday-english-level-needed/,年齢の明示,27歳,個人の設定,削除する,台帳に無いさくら固有の事実。読者の条件に置き換える,5年間ずっと英語を後回しにしてきて、勧められると断れずに流されて、気づけば27歳になっている自分が、70万を払った先で本当に口を動かすようになるのか、それだけだった。
305,TOEIC600点より先に、初日の薬局で症状を伝えられるか確かめる,https://sakura-eigo.com/working-holiday-english-level-needed/,未確認の経歴,5年後回し,個人の設定,削除する,台帳に無い経歴。職種・年数は書けない,ただ、5年後回しにしてきた私が渡航初日にこの授業に入ったら、5分話して満足して、それを「今日は英語を使った」とカウントして、また楽なほうへ滑っていく気がした。
305,TOEIC600点より先に、初日の薬局で症状を伝えられるか確かめる,https://sakura-eigo.com/working-holiday-english-level-needed/,未確認の経歴,営業事務,個人の設定,削除する,台帳に無い経歴。職種・年数は書けない,営業事務の仕事で、社内の報告数字がどう化粧されるかを毎日見ているからこそ、この質問だけは自然に出た。
305,TOEIC600点より先に、初日の薬局で症状を伝えられるか確かめる,https://sakura-eigo.com/working-holiday-english-level-needed/,未確認の経歴,5年後回し,個人の設定,削除する,台帳に無い経歴。職種・年数は書けない,この賭け方なら、5年後回しの私でも今週動ける金額に見えた。
305,TOEIC600点より先に、初日の薬局で症状を伝えられるか確かめる,https://sakura-eigo.com/working-holiday-english-level-needed/,期限の宣言,30歳まで,個人の設定,削除する,台帳に無いさくら固有の事実。読者の条件に置き換える,それが、5年後回しの私が30歳までに間に合わせる唯一の道だと思う。
305,TOEIC600点より先に、初日の薬局で症状を伝えられるか確かめる,https://sakura-eigo.com/working-holiday-english-level-needed/,未確認の経歴,5年後回し,個人の設定,削除する,台帳に無い経歴。職種・年数は書けない,それが、5年後回しの私が30歳までに間に合わせる唯一の道だと思う。
305,TOEIC600点より先に、初日の薬局で症状を伝えられるか確かめる,https://sakura-eigo.com/working-holiday-english-level-needed/,旧CTA見出し,さくらが確かめた,旧CTA見出し,削除する,CTAボックスの旧見出し。生成側は直済み,▶ さくらが確かめた・次の一手（すべて無料） → ネイティブキャンプ留学で留学費用の無料見積もりを取る → フィリピン留学ナビの無料相談会に申し込む ※本記事にはアフィリエイトリンクが含まれます（PR）
301,無料エージェントに勧められたまま契約する前に、30歳までの3年で自分の判断を取り,https://sakura-eigo.com/free-study-abroad-agent-bias/,未確認の経歴,営業事務,個人の設定,削除する,台帳に無い経歴。職種・年数は書けない,開いているタブは、留学エージェントの一括資料請求ページが3個、ワーホリの体験談ブログが2個、転職サイトの営業事務求人が2個。
301,無料エージェントに勧められたまま契約する前に、30歳までの3年で自分の判断を取り,https://sakura-eigo.com/free-study-abroad-agent-bias/,期限の宣言,30歳まで,個人の設定,削除する,台帳に無いさくら固有の事実。読者の条件に置き換える,30歳まであと3年しかない私みたいな人に向けて。
301,無料エージェントに勧められたまま契約する前に、30歳までの3年で自分の判断を取り,https://sakura-eigo.com/free-study-abroad-agent-bias/,期限の宣言,30歳まで,個人の設定,削除する,本人の期限の宣言。読者自身の問題に置き換える,30歳まであと3年。
301,無料エージェントに勧められたまま契約する前に、30歳までの3年で自分の判断を取り,https://sakura-eigo.com/free-study-abroad-agent-bias/,旧CTA見出し,さくらが確かめた,旧CTA見出し,削除する,CTAボックスの旧見出し。生成側は直済み,▶ さくらが確かめた・次の一手（すべて無料） → ネイティブキャンプ留学で留学費用の無料見積もりを取る → 留学情報館で無料カウンセリングを申し込む ※本記事にはアフィリエイトリンクが含まれます（PR）
297,3ヶ月続けた8割に入る前に、最初の7日間で「話す恐怖」が薄れるかを試す,https://sakura-eigo.com/dmm-eikaiwa-beginner-consistency-check/,年齢の明示,27歳,判定保留,人が読む,一人称でも読者向けでも制度でもない。文脈を見る,27歳になった。
297,3ヶ月続けた8割に入る前に、最初の7日間で「話す恐怖」が薄れるかを試す,https://sakura-eigo.com/dmm-eikaiwa-beginner-consistency-check/,期限の宣言,30歳まで,個人の設定,削除する,本人の期限の宣言。読者自身の問題に置き換える,30歳までに一度は海外で暮らしたいという気持ちだけは消えていないのに、実際に手を動かした期間を全部合わせても、たぶん3週間もない。
297,3ヶ月続けた8割に入る前に、最初の7日間で「話す恐怖」が薄れるかを試す,https://sakura-eigo.com/dmm-eikaiwa-beginner-consistency-check/,期限の宣言,30歳まで,個人の設定,削除する,本人の期限の宣言。読者自身の問題に置き換える,留学の費用がどれくらいかかるのか、無料の見積もりだけでも取っておくと、30歳までの残り時間を数字で見られるようになる。
297,3ヶ月続けた8割に入る前に、最初の7日間で「話す恐怖」が薄れるかを試す,https://sakura-eigo.com/dmm-eikaiwa-beginner-consistency-check/,旧CTA見出し,さくらが確かめた,旧CTA見出し,削除する,CTAボックスの旧見出し。生成側は直済み,▶ さくらが確かめた・次の一手（すべて無料） → ネイティブキャンプ留学で留学費用の無料見積もりを取る → 留学情報館で無料カウンセリングを申し込む ※本記事にはアフィリエイトリンクが含まれます（PR）
294,何十回も閉じた留学サイト、30歳まであと3年で決まらない仕組み,https://sakura-eigo.com/study-abroad-decision-deadline/,年齢の明示,27歳,判定保留,人が読む,一人称でも読者向けでも制度でもない。文脈を見る,27歳。
294,何十回も閉じた留学サイト、30歳まであと3年で決まらない仕組み,https://sakura-eigo.com/study-abroad-decision-deadline/,未確認の経歴,営業事務,個人の設定,削除する,台帳に無い経歴。職種・年数は書けない,営業事務で東京勤務。
294,何十回も閉じた留学サイト、30歳まであと3年で決まらない仕組み,https://sakura-eigo.com/study-abroad-decision-deadline/,期限の宣言,30歳まで,個人の設定,削除する,台帳に無いさくら固有の事実。読者の条件に置き換える,Table of Contents Toggle 留学サイトを閉じるとき、私が本当に手放しているもの 「遅い」で検索した私が確かめたかったこと 「30代でも増えている」という統計が、私を動かさなかった理由 「社会人は目的が明確」という前提から私は外れている 比較を続けること自体が、先延ばしの正体だった 決断が30歳まで止まる仕組みを、意志の弱さのせいにしない
294,何十回も閉じた留学サイト、30歳まであと3年で決まらない仕組み,https://sakura-eigo.com/study-abroad-decision-deadline/,期限の宣言,30歳まで,個人の設定,削除する,台帳に無いさくら固有の事実。読者の条件に置き換える,決断が30歳まで止まる仕組みを、意志の弱さのせいにしない 自分を責めていた時期がある。
294,何十回も閉じた留学サイト、30歳まであと3年で決まらない仕組み,https://sakura-eigo.com/study-abroad-decision-deadline/,年齢の明示,24歳,個人の設定,削除する,台帳に無いさくら固有の事実。読者の条件に置き換える,3年前の資格試験で、私は同じ止まり方をしていた 思い返すと、24歳のときにも似たことがあった。
294,何十回も閉じた留学サイト、30歳まであと3年で決まらない仕組み,https://sakura-eigo.com/study-abroad-decision-deadline/,期限の宣言,30歳まで,個人の設定,削除する,本人の期限の宣言。読者自身の問題に置き換える,多くの国で30歳までだ。
294,何十回も閉じた留学サイト、30歳まであと3年で決まらない仕組み,https://sakura-eigo.com/study-abroad-decision-deadline/,年齢の明示,27歳,判定保留,人が読む,近くに制度の話があるが、この文自体は要件を書いていない,27歳の今から準備を始めても、退職の調整、貯金、ビザ申請、渡航まで含めれば1年半から2年はかかる。
294,何十回も閉じた留学サイト、30歳まであと3年で決まらない仕組み,https://sakura-eigo.com/study-abroad-decision-deadline/,年齢の明示,28歳,判定保留,人が読む,一人称でも読者向けでも制度でもない。文脈を見る,1年先送りすると、具体的に何が消えるか 28歳で申請すれば、現地で職探しをする余裕がある。
294,何十回も閉じた留学サイト、30歳まであと3年で決まらない仕組み,https://sakura-eigo.com/study-abroad-decision-deadline/,年齢の明示,29歳,読者の条件,残してよい,読者自身の悩みとして書かれている,29歳ならぎりぎり。
294,何十回も閉じた留学サイト、30歳まであと3年で決まらない仕組み,https://sakura-eigo.com/study-abroad-decision-deadline/,年齢の明示,27歳,判定保留,人が読む,一人称でも読者向けでも制度でもない。文脈を見る,27歳の今から数えて、ワーホリの締切までに決断できるチャンスは、そう多く残っていない。
294,何十回も閉じた留学サイト、30歳まであと3年で決まらない仕組み,https://sakura-eigo.com/study-abroad-decision-deadline/,旧CTA見出し,さくらが確かめた,旧CTA見出し,削除する,CTAボックスの旧見出し。生成側は直済み,→ ネイティブキャンプ留学で留学費用の無料見積もりを取る → 留学情報館で無料カウンセリングを申し込む ▶ さくらが確かめた・次の一手（すべて無料） → ネイティブキャンプ留学で留学費用の無料見積もりを取る → 留学情報館で無料カウンセリングを申し込む ※本記事にはアフィリエイトリンクが含まれます（PR）
287,67.4%が伸びた週3と、25分黙ったままの毎日。何が違うのか,https://sakura-eigo.com/english-conversation-daily-effectiveness/,未確認の経歴,営業事務,個人の設定,削除する,台帳に無い経歴。職種・年数は書けない,営業事務の1日が終わって指先はまだ伝票の数字を追っている感覚が残っていて、頭は英語を受け入れる準備なんて全然できていない。
287,67.4%が伸びた週3と、25分黙ったままの毎日。何が違うのか,https://sakura-eigo.com/english-conversation-daily-effectiveness/,年齢の明示,27歳,判定保留,人が読む,一人称でも読者向けでも制度でもない。文脈を見る,27歳、ワーホリに行きたいと言い続けて5年。
287,67.4%が伸びた週3と、25分黙ったままの毎日。何が違うのか,https://sakura-eigo.com/english-conversation-daily-effectiveness/,未確認の経歴,営業事務,個人の設定,削除する,台帳に無い経歴。職種・年数は書けない,同じ25分でも、私の毎日は「出席」でしかなかった 営業事務の私にとって、タイムカードを押すのは仕事の一部だ。
287,67.4%が伸びた週3と、25分黙ったままの毎日。何が違うのか,https://sakura-eigo.com/english-conversation-daily-effectiveness/,期限の宣言,30歳まで,個人の設定,削除する,本人の期限の宣言。読者自身の問題に置き換える,週5の安全運転より、週2でも毎回3個詰まって帰ってくるほうが、30歳までの残り時間には効く。
287,67.4%が伸びた週3と、25分黙ったままの毎日。何が違うのか,https://sakura-eigo.com/english-conversation-daily-effectiveness/,期限の宣言,30歳になる前,個人の設定,削除する,本人の期限の宣言。読者自身の問題に置き換える,30歳になる前にワーホリに行って、現地で仕事を見つけて、初日にシフトの相談を英語でしたい。
287,67.4%が伸びた週3と、25分黙ったままの毎日。何が違うのか,https://sakura-eigo.com/english-conversation-daily-effectiveness/,期限の宣言,30歳まで,個人の設定,削除する,台帳に無いさくら固有の事実。読者の条件に置き換える,30歳まで残された時間は限られているけれど、1日1個ずつ確実に増えていく40行の続きなら、私はワーホリ先のレジに立つ自分まで、ちゃんと数えて近づける気がしている。
287,67.4%が伸びた週3と、25分黙ったままの毎日。何が違うのか,https://sakura-eigo.com/english-conversation-daily-effectiveness/,旧CTA見出し,さくらが確かめた,旧CTA見出し,削除する,CTAボックスの旧見出し。生成側は直済み,▶ さくらが確かめた・次の一手（すべて無料） → ネイティブキャンプ留学で留学費用の無料見積もりを取る → 留学情報館で無料カウンセリングを申し込む ※本記事にはアフィリエイトリンクが含まれます（PR）
241,「正しい順番」を15分×4回やっても、反応が返らない一人では化石化する,https://sakura-eigo.com/second-language-acquisition-theory-gap/,期限の宣言,30歳まで,個人の設定,削除する,本人の期限の宣言。読者自身の問題に置き換える,一人で、誰の助けも借りずに、間違った英語を固めてしまわずに、30歳までに走りきれるのか。
241,「正しい順番」を15分×4回やっても、反応が返らない一人では化石化する,https://sakura-eigo.com/second-language-acquisition-theory-gap/,旧CTA見出し,さくらが確かめた,旧CTA見出し,削除する,CTAボックスの旧見出し。生成側は直済み,▶ さくらが確かめた・次の一手（すべて無料） → speek公式サイトで発音矯正スクールの内容を確認する → スパトレ（第二言語習得論ベースの英語トレーニング）の7日間無料体験を見る ※本記事にはアフィリエイトリンクが含まれます（PR）
238,5年後回しの27歳が見落とす「ビザは間に合う」の落とし穴,https://sakura-eigo.com/%e3%80%8c%e3%83%af%e3%83%bc%e3%83%9b%e3%83%aa-30%e6%ad%b3-%e9%96%93%e3%81%ab%e5%90%88%e3%81%86%e3%81%8b%e3%80%8d%e3%81%a7%e4%b8%a6%e3%81%b6%e3%82%ae%e3%83%aa%e3%83%9b%e3%83%aa%e3%83%bb%e5%9b%bd/,期限の宣言,30歳まで,制度の条件（不足あり）,補うか削除する,制度として残すなら 国名・一次情報URL・確認日 が要る,年齢制限は申請時に30歳まで、31歳の誕生日の前日までに申請さえ終えればいい、ビザが出てから1年以内に入国すればいいから、渡航は32歳でも大丈夫。
238,5年後回しの27歳が見落とす「ビザは間に合う」の落とし穴,https://sakura-eigo.com/%e3%80%8c%e3%83%af%e3%83%bc%e3%83%9b%e3%83%aa-30%e6%ad%b3-%e9%96%93%e3%81%ab%e5%90%88%e3%81%86%e3%81%8b%e3%80%8d%e3%81%a7%e4%b8%a6%e3%81%b6%e3%82%ae%e3%83%aa%e3%83%9b%e3%83%aa%e3%83%bb%e5%9b%bd/,年齢の明示,27歳,判定保留,人が読む,一人称でも読者向けでも制度でもない。文脈を見る,27歳になった。
238,5年後回しの27歳が見落とす「ビザは間に合う」の落とし穴,https://sakura-eigo.com/%e3%80%8c%e3%83%af%e3%83%bc%e3%83%9b%e3%83%aa-30%e6%ad%b3-%e9%96%93%e3%81%ab%e5%90%88%e3%81%86%e3%81%8b%e3%80%8d%e3%81%a7%e4%b8%a6%e3%81%b6%e3%82%ae%e3%83%aa%e3%83%9b%e3%83%aa%e3%83%bb%e5%9b%bd/,期限の宣言,30歳まで,個人の設定,削除する,本人の期限の宣言。読者自身の問題に置き換える,申請は30歳まで、でも渡航は32歳でもいい。
238,5年後回しの27歳が見落とす「ビザは間に合う」の落とし穴,https://sakura-eigo.com/%e3%80%8c%e3%83%af%e3%83%bc%e3%83%9b%e3%83%aa-30%e6%ad%b3-%e9%96%93%e3%81%ab%e5%90%88%e3%81%86%e3%81%8b%e3%80%8d%e3%81%a7%e4%b8%a6%e3%81%b6%e3%82%ae%e3%83%aa%e3%83%9b%e3%83%aa%e3%83%bb%e5%9b%bd/,年齢の明示,24歳,判定保留,人が読む,一人称でも読者向けでも制度でもない。文脈を見る,24歳のときも、25歳のときも、あと数年あるから大丈夫と思っていた。
238,5年後回しの27歳が見落とす「ビザは間に合う」の落とし穴,https://sakura-eigo.com/%e3%80%8c%e3%83%af%e3%83%bc%e3%83%9b%e3%83%aa-30%e6%ad%b3-%e9%96%93%e3%81%ab%e5%90%88%e3%81%86%e3%81%8b%e3%80%8d%e3%81%a7%e4%b8%a6%e3%81%b6%e3%82%ae%e3%83%aa%e3%83%9b%e3%83%aa%e3%83%bb%e5%9b%bd/,年齢の明示,27歳,判定保留,人が読む,一人称でも読者向けでも制度でもない。文脈を見る,そして今27歳、手元の英語力は当時とほぼ変わっていない。
238,5年後回しの27歳が見落とす「ビザは間に合う」の落とし穴,https://sakura-eigo.com/%e3%80%8c%e3%83%af%e3%83%bc%e3%83%9b%e3%83%aa-30%e6%ad%b3-%e9%96%93%e3%81%ab%e5%90%88%e3%81%86%e3%81%8b%e3%80%8d%e3%81%a7%e4%b8%a6%e3%81%b6%e3%82%ae%e3%83%aa%e3%83%9b%e3%83%aa%e3%83%bb%e5%9b%bd/,年齢の明示,27歳,判定保留,人が読む,一人称でも読者向けでも制度でもない。文脈を見る,無料のカウンセリングで、27歳で英語ゼロで貯金がこれくらい、という前提を並べて、現実的な道筋を1本引いてもらう。
238,5年後回しの27歳が見落とす「ビザは間に合う」の落とし穴,https://sakura-eigo.com/%e3%80%8c%e3%83%af%e3%83%bc%e3%83%9b%e3%83%aa-30%e6%ad%b3-%e9%96%93%e3%81%ab%e5%90%88%e3%81%86%e3%81%8b%e3%80%8d%e3%81%a7%e4%b8%a6%e3%81%b6%e3%82%ae%e3%83%aa%e3%83%9b%e3%83%aa%e3%83%bb%e5%9b%bd/,年齢の明示,27歳,個人の設定,削除する,台帳に無いさくら固有の事実。読者の条件に置き換える,私はこの数年、乗ってから動こうとして、乗る日を待ち続けて27歳になった。
238,5年後回しの27歳が見落とす「ビザは間に合う」の落とし穴,https://sakura-eigo.com/%e3%80%8c%e3%83%af%e3%83%bc%e3%83%9b%e3%83%aa-30%e6%ad%b3-%e9%96%93%e3%81%ab%e5%90%88%e3%81%86%e3%81%8b%e3%80%8d%e3%81%a7%e4%b8%a6%e3%81%b6%e3%82%ae%e3%83%aa%e3%83%9b%e3%83%aa%e3%83%bb%e5%9b%bd/,年齢の明示,29歳,判定保留,人が読む,一人称でも読者向けでも制度でもない。文脈を見る,たとえば29歳の4月。
238,5年後回しの27歳が見落とす「ビザは間に合う」の落とし穴,https://sakura-eigo.com/%e3%80%8c%e3%83%af%e3%83%bc%e3%83%9b%e3%83%aa-30%e6%ad%b3-%e9%96%93%e3%81%ab%e5%90%88%e3%81%86%e3%81%8b%e3%80%8d%e3%81%a7%e4%b8%a6%e3%81%b6%e3%82%ae%e3%83%aa%e3%83%9b%e3%83%aa%e3%83%bb%e5%9b%bd/,旧CTA見出し,さくらが確かめた,旧CTA見出し,削除する,CTAボックスの旧見出し。生成側は直済み,▶ さくらが確かめた・次の一手（すべて無料） → ネイティブキャンプ留学で留学費用の無料見積もりを取る → 留学情報館で無料カウンセリングを申し込む ※本記事にはアフィリエイトリンクが含まれます（PR）
235,帰国後も動き続ける仕組みを、セブ1ヶ月で作れるか、27歳の私が記事に見つけられな,https://sakura-eigo.com/%e3%80%8c%e3%82%bb%e3%83%96%e5%b3%b6%e7%95%99%e5%ad%a6-1%e3%83%b6%e6%9c%88-%e4%bd%93%e9%a8%93%e3%80%8d%e3%81%a7%e4%b8%a6%e3%81%b6%e8%b2%bb%e7%94%a8%e3%83%bb%e3%82%b9%e3%82%b1%e3%82%b8%e3%83%a5/,期限の宣言,30歳まで,個人の設定,削除する,台帳に無いさくら固有の事実。読者の条件に置き換える,Table of Contents Toggle スプレッドシートに5校並べて、私は何を採点していたんだろう 体験談が測っているのは「セブでどう過ごしたか」だけで、7月の私は登場しない 私が知りたかったのは他人の伸びじゃなかった 「行けば変われる」は決断を助ける言葉じゃなくて、来週へ送るための許可証だった 去年の10月、私は同じ言い訳で1つ逃げていた 40万
235,帰国後も動き続ける仕組みを、セブ1ヶ月で作れるか、27歳の私が記事に見つけられな,https://sakura-eigo.com/%e3%80%8c%e3%82%bb%e3%83%96%e5%b3%b6%e7%95%99%e5%ad%a6-1%e3%83%b6%e6%9c%88-%e4%bd%93%e9%a8%93%e3%80%8d%e3%81%a7%e4%b8%a6%e3%81%b6%e8%b2%bb%e7%94%a8%e3%83%bb%e3%82%b9%e3%82%b1%e3%82%b8%e3%83%a5/,未確認の経歴,営業事務,個人の設定,削除する,台帳に無い経歴。職種・年数は書けない,営業事務の私は普段からこういう表を作るのが得意で、見積書の比較なら30分もあれば片づく。
235,帰国後も動き続ける仕組みを、セブ1ヶ月で作れるか、27歳の私が記事に見つけられな,https://sakura-eigo.com/%e3%80%8c%e3%82%bb%e3%83%96%e5%b3%b6%e7%95%99%e5%ad%a6-1%e3%83%b6%e6%9c%88-%e4%bd%93%e9%a8%93%e3%80%8d%e3%81%a7%e4%b8%a6%e3%81%b6%e8%b2%bb%e7%94%a8%e3%83%bb%e3%82%b9%e3%82%b1%e3%82%b8%e3%83%a5/,年齢の明示,27歳,制度の条件（不足あり）,補うか削除する,制度として残すなら 申請時期・一次情報URL・確認日 が要る,→ フィリピン留学ナビの無料相談会に申し込む 30歳まであと3年、今日踏める一歩は「行くかどうか」の外にある 27歳の私に残された時間は、ワーホリのビザ条件を考えると実質そんなに長くない。
235,帰国後も動き続ける仕組みを、セブ1ヶ月で作れるか、27歳の私が記事に見つけられな,https://sakura-eigo.com/%e3%80%8c%e3%82%bb%e3%83%96%e5%b3%b6%e7%95%99%e5%ad%a6-1%e3%83%b6%e6%9c%88-%e4%bd%93%e9%a8%93%e3%80%8d%e3%81%a7%e4%b8%a6%e3%81%b6%e8%b2%bb%e7%94%a8%e3%83%bb%e3%82%b9%e3%82%b1%e3%82%b8%e3%83%a5/,期限の宣言,30歳まで,制度の条件（不足あり）,補うか削除する,制度として残すなら 申請時期・一次情報URL・確認日 が要る,→ フィリピン留学ナビの無料相談会に申し込む 30歳まであと3年、今日踏める一歩は「行くかどうか」の外にある 27歳の私に残された時間は、ワーホリのビザ条件を考えると実質そんなに長くない。
235,帰国後も動き続ける仕組みを、セブ1ヶ月で作れるか、27歳の私が記事に見つけられな,https://sakura-eigo.com/%e3%80%8c%e3%82%bb%e3%83%96%e5%b3%b6%e7%95%99%e5%ad%a6-1%e3%83%b6%e6%9c%88-%e4%bd%93%e9%a8%93%e3%80%8d%e3%81%a7%e4%b8%a6%e3%81%b6%e8%b2%bb%e7%94%a8%e3%83%bb%e3%82%b9%e3%82%b1%e3%82%b8%e3%83%a5/,年齢の明示,28歳,読者の条件,残してよい,読者自身の悩みとして書かれている,逆算すると、セブで英語の土台を作って、ワーホリで実戦に出るなら、動けるのは28歳のうちだ。
235,帰国後も動き続ける仕組みを、セブ1ヶ月で作れるか、27歳の私が記事に見つけられな,https://sakura-eigo.com/%e3%80%8c%e3%82%bb%e3%83%96%e5%b3%b6%e7%95%99%e5%ad%a6-1%e3%83%b6%e6%9c%88-%e4%bd%93%e9%a8%93%e3%80%8d%e3%81%a7%e4%b8%a6%e3%81%b6%e8%b2%bb%e7%94%a8%e3%83%bb%e3%82%b9%e3%82%b1%e3%82%b8%e3%83%a5/,旧CTA見出し,さくらが確かめた,旧CTA見出し,削除する,CTAボックスの旧見出し。生成側は直済み,▶ さくらが確かめた・次の一手（すべて無料） → ネイティブキャンプ留学で留学費用の無料見積もりを取る → フィリピン留学ナビの無料相談会に申し込む ※本記事にはアフィリエイトリンクが含まれます（PR）
207,「不安が消えるまで待つ」という5年の後回しを、また繰り返さないために,https://sakura-eigo.com/%e3%80%8c%e7%a4%be%e4%bc%9a%e4%ba%ba-%e7%95%99%e5%ad%a6-%e4%bb%95%e4%ba%8b%e8%be%9e%e3%82%81%e3%82%8b-%e4%b8%8d%e5%ae%89%e3%80%8d%e3%81%a7%e4%b8%a6%e3%81%b6%e5%86%8d%e5%b0%b1%e8%81%b7%e3%83%bb/,年齢の明示,27歳,個人の設定,削除する,本人の期限の宣言。読者自身の問題に置き換える,そのことに気づいたのは、27歳の誕生日を過ぎて、30歳まであと3年しかないと数えた夜だ。
207,「不安が消えるまで待つ」という5年の後回しを、また繰り返さないために,https://sakura-eigo.com/%e3%80%8c%e7%a4%be%e4%bc%9a%e4%ba%ba-%e7%95%99%e5%ad%a6-%e4%bb%95%e4%ba%8b%e8%be%9e%e3%82%81%e3%82%8b-%e4%b8%8d%e5%ae%89%e3%80%8d%e3%81%a7%e4%b8%a6%e3%81%b6%e5%86%8d%e5%b0%b1%e8%81%b7%e3%83%bb/,期限の宣言,30歳まで,個人の設定,削除する,本人の期限の宣言。読者自身の問題に置き換える,そのことに気づいたのは、27歳の誕生日を過ぎて、30歳まであと3年しかないと数えた夜だ。
207,「不安が消えるまで待つ」という5年の後回しを、また繰り返さないために,https://sakura-eigo.com/%e3%80%8c%e7%a4%be%e4%bc%9a%e4%ba%ba-%e7%95%99%e5%ad%a6-%e4%bb%95%e4%ba%8b%e8%be%9e%e3%82%81%e3%82%8b-%e4%b8%8d%e5%ae%89%e3%80%8d%e3%81%a7%e4%b8%a6%e3%81%b6%e5%86%8d%e5%b0%b1%e8%81%b7%e3%83%bb/,未確認の経歴,営業事務,個人の設定,削除する,台帳に無い経歴。職種・年数は書けない,平日の私は9時から18時まで営業事務で伝票と電話に追われて、帰宅は20時前後。
207,「不安が消えるまで待つ」という5年の後回しを、また繰り返さないために,https://sakura-eigo.com/%e3%80%8c%e7%a4%be%e4%bc%9a%e4%ba%ba-%e7%95%99%e5%ad%a6-%e4%bb%95%e4%ba%8b%e8%be%9e%e3%82%81%e3%82%8b-%e4%b8%8d%e5%ae%89%e3%80%8d%e3%81%a7%e4%b8%a6%e3%81%b6%e5%86%8d%e5%b0%b1%e8%81%b7%e3%83%bb/,期限の宣言,30歳まで,個人の設定,削除する,本人の期限の宣言。読者自身の問題に置き換える,30歳まであと3年ある。
207,「不安が消えるまで待つ」という5年の後回しを、また繰り返さないために,https://sakura-eigo.com/%e3%80%8c%e7%a4%be%e4%bc%9a%e4%ba%ba-%e7%95%99%e5%ad%a6-%e4%bb%95%e4%ba%8b%e8%be%9e%e3%82%81%e3%82%8b-%e4%b8%8d%e5%ae%89%e3%80%8d%e3%81%a7%e4%b8%a6%e3%81%b6%e5%86%8d%e5%b0%b1%e8%81%b7%e3%83%bb/,旧CTA見出し,さくらが確かめた,旧CTA見出し,削除する,CTAボックスの旧見出し。生成側は直済み,▶ さくらが確かめた・次の一手（すべて無料） → ネイティブキャンプ留学で留学費用の無料見積もりを取る → 留学情報館で無料カウンセリングを申し込む ※本記事にはアフィリエイトリンクが含まれます（PR）
150,「続けるコツ」に書かれない90日の採点者が、私が英語で失敗した本当の理由だった,https://sakura-eigo.com/%e3%80%8c%e8%8b%b1%e8%aa%9e-%e5%8b%89%e5%bc%b7%e6%b3%95-30%e4%bb%a3-%e3%81%8b%e3%82%89%e3%80%8d%e3%81%a7%e4%b8%a6%e3%81%b6%e4%b8%ad%e5%ad%a6%e6%96%87%e6%b3%95%e3%82%84%e3%82%8a%e7%9b%b4/,期限の宣言,30歳まで,個人の設定,削除する,台帳に無いさくら固有の事実。読者の条件に置き換える,30歳まで、私にはまだ時間がある。
150,「続けるコツ」に書かれない90日の採点者が、私が英語で失敗した本当の理由だった,https://sakura-eigo.com/%e3%80%8c%e8%8b%b1%e8%aa%9e-%e5%8b%89%e5%bc%b7%e6%b3%95-30%e4%bb%a3-%e3%81%8b%e3%82%89%e3%80%8d%e3%81%a7%e4%b8%a6%e3%81%b6%e4%b8%ad%e5%ad%a6%e6%96%87%e6%b3%95%e3%82%84%e3%82%8a%e7%9b%b4/,旧CTA見出し,さくらが確かめた,旧CTA見出し,削除する,CTAボックスの旧見出し。生成側は直済み,▶ さくらが確かめた・次の一手（すべて無料） → speek公式サイトで発音矯正スクールの内容を確認する → スパトレ（第二言語習得論ベースの英語トレーニング）の7日間無料体験を見る ※本記事にはアフィリエイトリンクが含まれます（PR）
151,「意味ない」を5回検索する前に、私が問うべき1つのこと,https://sakura-eigo.com/%e3%80%8c%e8%8b%b1%e8%aa%9e%e3%82%b3%e3%83%bc%e3%83%81%e3%83%b3%e3%82%b0-%e6%84%8f%e5%91%b3%e3%81%aa%e3%81%84%e3%80%8d%e3%81%a7%e4%b8%a6%e3%81%b6%e9%ab%98%e3%81%84%e3%83%bb%e7%b5%90%e5%b1%80/,期限の宣言,30歳まで,個人の設定,削除する,本人の期限の宣言。読者自身の問題に置き換える,30歳まであと3年。
151,「意味ない」を5回検索する前に、私が問うべき1つのこと,https://sakura-eigo.com/%e3%80%8c%e8%8b%b1%e8%aa%9e%e3%82%b3%e3%83%bc%e3%83%81%e3%83%b3%e3%82%b0-%e6%84%8f%e5%91%b3%e3%81%aa%e3%81%84%e3%80%8d%e3%81%a7%e4%b8%a6%e3%81%b6%e9%ab%98%e3%81%84%e3%83%bb%e7%b5%90%e5%b1%80/,未確認の経歴,5年後回し,個人の設定,削除する,台帳に無い経歴。職種・年数は書けない,それが、5年後回しにしてきた私の、いちばん現実的な一歩だった。
151,「意味ない」を5回検索する前に、私が問うべき1つのこと,https://sakura-eigo.com/%e3%80%8c%e8%8b%b1%e8%aa%9e%e3%82%b3%e3%83%bc%e3%83%81%e3%83%b3%e3%82%b0-%e6%84%8f%e5%91%b3%e3%81%aa%e3%81%84%e3%80%8d%e3%81%a7%e4%b8%a6%e3%81%b6%e9%ab%98%e3%81%84%e3%83%bb%e7%b5%90%e5%b1%80/,旧CTA見出し,さくらが確かめた,旧CTA見出し,削除する,CTAボックスの旧見出し。生成側は直済み,▶ さくらが確かめた・次の一手（すべて無料） → speek公式サイトで発音矯正スクールの内容を確認する → スパトレ（第二言語習得論ベースの英語トレーニング）の7日間無料体験を見る ※本記事にはアフィリエイトリンクが含まれます（PR）
137,卒業当日の155点は、コーチが消えた4ヶ月目には残らない。15万円を払う前に見る,https://sakura-eigo.com/%e3%80%8c%e8%8b%b1%e8%aa%9e%e3%82%b3%e3%83%bc%e3%83%81%e3%83%b3%e3%82%b0-3%e3%83%b6%e6%9c%88-%e5%8a%b9%e6%9e%9c-%e4%bd%93%e9%a8%93%e8%ab%87%e3%80%8d%e3%81%ab%e4%b8%a6%e3%81%b6toeic155%e7%82%b9/,年齢の明示,28歳,判定保留,人が読む,一人称でも読者向けでも制度でもない。文脈を見る,Table of Contents Toggle 155点が測られた「卒業当日」に、コーチはまだ隣に座っている 「脳が習慣化する3ヶ月」という説明は、なぜ4ヶ月目に崩れるのかを語らない 読むべきは卒業の到達点ではなく、その3ヶ月後・6ヶ月後の傾きだ コーチングの前に、留学という「逃げ場のない環境」を1週間だけ挟む選択肢 15万円を払う前に、今日置くべき最初の
137,卒業当日の155点は、コーチが消えた4ヶ月目には残らない。15万円を払う前に見る,https://sakura-eigo.com/%e3%80%8c%e8%8b%b1%e8%aa%9e%e3%82%b3%e3%83%bc%e3%83%81%e3%83%b3%e3%82%b0-3%e3%83%b6%e6%9c%88-%e5%8a%b9%e6%9e%9c-%e4%bd%93%e9%a8%93%e8%ab%87%e3%80%8d%e3%81%ab%e4%b8%a6%e3%81%b6toeic155%e7%82%b9/,年齢の明示,27歳,個人の設定,削除する,台帳に無いさくら固有の事実。読者の条件に置き換える,27歳の私に残された時間を、30歳までと勝手に区切っている。
137,卒業当日の155点は、コーチが消えた4ヶ月目には残らない。15万円を払う前に見る,https://sakura-eigo.com/%e3%80%8c%e8%8b%b1%e8%aa%9e%e3%82%b3%e3%83%bc%e3%83%81%e3%83%b3%e3%82%b0-3%e3%83%b6%e6%9c%88-%e5%8a%b9%e6%9e%9c-%e4%bd%93%e9%a8%93%e8%ab%87%e3%80%8d%e3%81%ab%e4%b8%a6%e3%81%b6toeic155%e7%82%b9/,期限の宣言,30歳まで,個人の設定,削除する,台帳に無いさくら固有の事実。読者の条件に置き換える,27歳の私に残された時間を、30歳までと勝手に区切っている。
137,卒業当日の155点は、コーチが消えた4ヶ月目には残らない。15万円を払う前に見る,https://sakura-eigo.com/%e3%80%8c%e8%8b%b1%e8%aa%9e%e3%82%b3%e3%83%bc%e3%83%81%e3%83%b3%e3%82%b0-3%e3%83%b6%e6%9c%88-%e5%8a%b9%e6%9e%9c-%e4%bd%93%e9%a8%93%e8%ab%87%e3%80%8d%e3%81%ab%e4%b8%a6%e3%81%b6toeic155%e7%82%b9/,旧CTA見出し,さくらが確かめた,旧CTA見出し,削除する,CTAボックスの旧見出し。生成側は直済み,▶ さくらが確かめた・次の一手（すべて無料） → ネイティブキャンプ留学で留学費用の無料見積もりを取る → 留学情報館で無料カウンセリングを申し込む ※本記事にはアフィリエイトリンクが含まれます（PR）
138,3ヶ月57万の英語コーチング、卒業後に何ヶ月残るか誰も教えてくれない,https://sakura-eigo.com/%e3%80%8c%e8%8b%b1%e8%aa%9e%e3%82%b3%e3%83%bc%e3%83%81%e3%83%b3%e3%82%b0-%e6%96%99%e9%87%91-%e6%af%94%e8%bc%83-2024%e3%80%8d%e3%81%a7%e4%b8%a6%e3%81%b63%e3%83%b6%e6%9c%8857%e4%b8%87%e3%83%bb%e6%9c%881/,期限の宣言,30歳まで,個人の設定,削除する,台帳に無いさくら固有の事実。読者の条件に置き換える,逆算できる目標と締め切りを持っている 私の場合、30歳までに英語で会議に出られる状態、という締め切りがある。
138,3ヶ月57万の英語コーチング、卒業後に何ヶ月残るか誰も教えてくれない,https://sakura-eigo.com/%e3%80%8c%e8%8b%b1%e8%aa%9e%e3%82%b3%e3%83%bc%e3%83%81%e3%83%b3%e3%82%b0-%e6%96%99%e9%87%91-%e6%af%94%e8%bc%83-2024%e3%80%8d%e3%81%a7%e4%b8%a6%e3%81%b63%e3%83%b6%e6%9c%8857%e4%b8%87%e3%83%bb%e6%9c%881/,年齢の明示,27歳,判定保留,人が読む,一人称でも読者向けでも制度でもない。文脈を見る,27歳の今から逆算すると、残りは36ヶ月。
138,3ヶ月57万の英語コーチング、卒業後に何ヶ月残るか誰も教えてくれない,https://sakura-eigo.com/%e3%80%8c%e8%8b%b1%e8%aa%9e%e3%82%b3%e3%83%bc%e3%83%81%e3%83%b3%e3%82%b0-%e6%96%99%e9%87%91-%e6%af%94%e8%bc%83-2024%e3%80%8d%e3%81%a7%e4%b8%a6%e3%81%b63%e3%83%b6%e6%9c%8857%e4%b8%87%e3%83%bb%e6%9c%881/,期限の宣言,30歳まで,個人の設定,削除する,台帳に無いさくら固有の事実。読者の条件に置き換える,それが、5年後回しにしてきた私が30歳までに間に合わせるための、いちばん正直な順番だと思う。
138,3ヶ月57万の英語コーチング、卒業後に何ヶ月残るか誰も教えてくれない,https://sakura-eigo.com/%e3%80%8c%e8%8b%b1%e8%aa%9e%e3%82%b3%e3%83%bc%e3%83%81%e3%83%b3%e3%82%b0-%e6%96%99%e9%87%91-%e6%af%94%e8%bc%83-2024%e3%80%8d%e3%81%a7%e4%b8%a6%e3%81%b63%e3%83%b6%e6%9c%8857%e4%b8%87%e3%83%bb%e6%9c%881/,未確認の経歴,5年後回し,個人の設定,削除する,台帳に無い経歴。職種・年数は書けない,それが、5年後回しにしてきた私が30歳までに間に合わせるための、いちばん正直な順番だと思う。
138,3ヶ月57万の英語コーチング、卒業後に何ヶ月残るか誰も教えてくれない,https://sakura-eigo.com/%e3%80%8c%e8%8b%b1%e8%aa%9e%e3%82%b3%e3%83%bc%e3%83%81%e3%83%b3%e3%82%b0-%e6%96%99%e9%87%91-%e6%af%94%e8%bc%83-2024%e3%80%8d%e3%81%a7%e4%b8%a6%e3%81%b63%e3%83%b6%e6%9c%8857%e4%b8%87%e3%83%bb%e6%9c%881/,旧CTA見出し,さくらが確かめた,旧CTA見出し,削除する,CTAボックスの旧見出し。生成側は直済み,▶ さくらが確かめた・次の一手（すべて無料） → speek公式サイトで発音矯正スクールの内容を確認する → スパトレ（第二言語習得論ベースの英語トレーニング）の7日間無料体験を見る ※本記事にはアフィリエイトリンクが含まれます（PR）
136,IELTS6.5に一度触れて、中学レベルに縮める記事を5年読んできた私,https://sakura-eigo.com/%e3%80%8c%e6%b5%b7%e5%a4%96%e7%a7%bb%e4%bd%8f-%e6%ba%96%e5%82%99-%e8%8b%b1%e8%aa%9e%e3%81%a7%e3%81%8d%e3%81%aa%e3%81%84%e3%80%8d%e3%81%ab%e4%b8%a6%e3%81%b6%e8%8b%b1%e8%aa%9e%e3%81%a7%e3%81%8d/,年齢の明示,22歳,個人の設定,削除する,台帳に無いさくら固有の事実。読者の条件に置き換える,いちばん古いものは2019年の日付で、そのころ私は22歳、営業事務になったばかりで、いつかカナダかオーストラリアで暮らすんだと本気で思っていた。
136,IELTS6.5に一度触れて、中学レベルに縮める記事を5年読んできた私,https://sakura-eigo.com/%e3%80%8c%e6%b5%b7%e5%a4%96%e7%a7%bb%e4%bd%8f-%e6%ba%96%e5%82%99-%e8%8b%b1%e8%aa%9e%e3%81%a7%e3%81%8d%e3%81%aa%e3%81%84%e3%80%8d%e3%81%ab%e4%b8%a6%e3%81%b6%e8%8b%b1%e8%aa%9e%e3%81%a7%e3%81%8d/,未確認の経歴,営業事務,個人の設定,削除する,台帳に無い経歴。職種・年数は書けない,いちばん古いものは2019年の日付で、そのころ私は22歳、営業事務になったばかりで、いつかカナダかオーストラリアで暮らすんだと本気で思っていた。
136,IELTS6.5に一度触れて、中学レベルに縮める記事を5年読んできた私,https://sakura-eigo.com/%e3%80%8c%e6%b5%b7%e5%a4%96%e7%a7%bb%e4%bd%8f-%e6%ba%96%e5%82%99-%e8%8b%b1%e8%aa%9e%e3%81%a7%e3%81%8d%e3%81%aa%e3%81%84%e3%80%8d%e3%81%ab%e4%b8%a6%e3%81%b6%e8%8b%b1%e8%aa%9e%e3%81%a7%e3%81%8d/,年齢の明示,27歳,個人の設定,削除する,台帳に無いさくら固有の事実。読者の条件に置き換える,それから5年、私は27歳になり、記事は増え続けた。
136,IELTS6.5に一度触れて、中学レベルに縮める記事を5年読んできた私,https://sakura-eigo.com/%e3%80%8c%e6%b5%b7%e5%a4%96%e7%a7%bb%e4%bd%8f-%e6%ba%96%e5%82%99-%e8%8b%b1%e8%aa%9e%e3%81%a7%e3%81%8d%e3%81%aa%e3%81%84%e3%80%8d%e3%81%ab%e4%b8%a6%e3%81%b6%e8%8b%b1%e8%aa%9e%e3%81%a7%e3%81%8d/,年齢の明示,25歳,判定保留,人が読む,一人称でも読者向けでも制度でもない。文脈を見る,25歳のとき、真剣にワーホリを調べた時期がある。
136,IELTS6.5に一度触れて、中学レベルに縮める記事を5年読んできた私,https://sakura-eigo.com/%e3%80%8c%e6%b5%b7%e5%a4%96%e7%a7%bb%e4%bd%8f-%e6%ba%96%e5%82%99-%e8%8b%b1%e8%aa%9e%e3%81%a7%e3%81%8d%e3%81%aa%e3%81%84%e3%80%8d%e3%81%ab%e4%b8%a6%e3%81%b6%e8%8b%b1%e8%aa%9e%e3%81%a7%e3%81%8d/,年齢の明示,25歳,個人の設定,削除する,台帳に無いさくら固有の事実。読者の条件に置き換える,中学レベルで足りるのは、家が決まって仕事があって生活が回り始めた後の話だと、25歳の私はカフェの求人ページを閉じながらようやく理解した。
136,IELTS6.5に一度触れて、中学レベルに縮める記事を5年読んできた私,https://sakura-eigo.com/%e3%80%8c%e6%b5%b7%e5%a4%96%e7%a7%bb%e4%bd%8f-%e6%ba%96%e5%82%99-%e8%8b%b1%e8%aa%9e%e3%81%a7%e3%81%8d%e3%81%aa%e3%81%84%e3%80%8d%e3%81%ab%e4%b8%a6%e3%81%b6%e8%8b%b1%e8%aa%9e%e3%81%a7%e3%81%8d/,未確認の経歴,営業事務,個人の設定,削除する,台帳に無い経歴。職種・年数は書けない,営業事務で、受注データを入力して、請求書を作って、電話対応もして。
136,IELTS6.5に一度触れて、中学レベルに縮める記事を5年読んできた私,https://sakura-eigo.com/%e3%80%8c%e6%b5%b7%e5%a4%96%e7%a7%bb%e4%bd%8f-%e6%ba%96%e5%82%99-%e8%8b%b1%e8%aa%9e%e3%81%a7%e3%81%8d%e3%81%aa%e3%81%84%e3%80%8d%e3%81%ab%e4%b8%a6%e3%81%b6%e8%8b%b1%e8%aa%9e%e3%81%a7%e3%81%8d/,年齢の明示,25歳,判定保留,人が読む,一人称でも読者向けでも制度でもない。文脈を見る,先輩は結局、ビザ更新のために25歳から本格的に勉強をやり直した。
136,IELTS6.5に一度触れて、中学レベルに縮める記事を5年読んできた私,https://sakura-eigo.com/%e3%80%8c%e6%b5%b7%e5%a4%96%e7%a7%bb%e4%bd%8f-%e6%ba%96%e5%82%99-%e8%8b%b1%e8%aa%9e%e3%81%a7%e3%81%8d%e3%81%aa%e3%81%84%e3%80%8d%e3%81%ab%e4%b8%a6%e3%81%b6%e8%8b%b1%e8%aa%9e%e3%81%a7%e3%81%8d/,期限の宣言,残り2年,個人の設定,削除する,本人の期限の宣言。読者自身の問題に置き換える,仮に700時間として、残り2年半で割ると、1週間あたり5時間ちょっと。
136,IELTS6.5に一度触れて、中学レベルに縮める記事を5年読んできた私,https://sakura-eigo.com/%e3%80%8c%e6%b5%b7%e5%a4%96%e7%a7%bb%e4%bd%8f-%e6%ba%96%e5%82%99-%e8%8b%b1%e8%aa%9e%e3%81%a7%e3%81%8d%e3%81%aa%e3%81%84%e3%80%8d%e3%81%ab%e4%b8%a6%e3%81%b6%e8%8b%b1%e8%aa%9e%e3%81%a7%e3%81%8d/,期限の宣言,30歳まで,個人の設定,削除する,本人の期限の宣言。読者自身の問題に置き換える,代わりに、30歳までの逆算に日付を入れて、1日45分を通勤の電車で始める。
136,IELTS6.5に一度触れて、中学レベルに縮める記事を5年読んできた私,https://sakura-eigo.com/%e3%80%8c%e6%b5%b7%e5%a4%96%e7%a7%bb%e4%bd%8f-%e6%ba%96%e5%82%99-%e8%8b%b1%e8%aa%9e%e3%81%a7%e3%81%8d%e3%81%aa%e3%81%84%e3%80%8d%e3%81%ab%e4%b8%a6%e3%81%b6%e8%8b%b1%e8%aa%9e%e3%81%a7%e3%81%8d/,旧CTA見出し,さくらが確かめた,旧CTA見出し,削除する,CTAボックスの旧見出し。生成側は直済み,▶ さくらが確かめた・次の一手（すべて無料） → ネイティブキャンプ留学で留学費用の無料見積もりを取る → フィリピン留学ナビの無料相談会に申し込む ※本記事にはアフィリエイトリンクが含まれます（PR）
117,1000時間の目盛りより、2時間目が来るかどうかで決まる27歳の私,https://sakura-eigo.com/%e3%80%8c%e8%8b%b1%e8%aa%9e-%e3%82%bc%e3%83%ad%e3%81%8b%e3%82%89-%e7%a4%be%e4%bc%9a%e4%ba%ba-%e3%81%a9%e3%81%ae%e3%81%8f%e3%82%89%e3%81%84%e3%80%8d%e3%81%ab%e4%b8%a6%e3%81%b61000%e6%99%82%e9%96%93/,未確認の経歴,営業事務,個人の設定,削除する,台帳に無い経歴。職種・年数は書けない,Table of Contents Toggle スマホのメモに残っていた「1日3時間」という予定が、1度も実行されなかった 「最短1000時間」という見積もりは、止まらない人の背中しか想定していない 目盛りの遠さは、私が止まる理由を1つも説明しない 「1日3時間×365日」は、電卓の中にしか住んでいない 「正しい勉強法を継続すれば話せる」は、継続を私の根性
117,1000時間の目盛りより、2時間目が来るかどうかで決まる27歳の私,https://sakura-eigo.com/%e3%80%8c%e8%8b%b1%e8%aa%9e-%e3%82%bc%e3%83%ad%e3%81%8b%e3%82%89-%e7%a4%be%e4%bc%9a%e4%ba%ba-%e3%81%a9%e3%81%ae%e3%81%8f%e3%82%89%e3%81%84%e3%80%8d%e3%81%ab%e4%b8%a6%e3%81%b61000%e6%99%82%e9%96%93/,未確認の経歴,営業事務,個人の設定,削除する,台帳に無い経歴。職種・年数は書けない,営業事務の私が、たった1週間だけ英語を止めなかったときに何が起きていたか 去年の秋、うちの部署に海外の取引先から電話がかかってくることになった。
117,1000時間の目盛りより、2時間目が来るかどうかで決まる27歳の私,https://sakura-eigo.com/%e3%80%8c%e8%8b%b1%e8%aa%9e-%e3%82%bc%e3%83%ad%e3%81%8b%e3%82%89-%e7%a4%be%e4%bc%9a%e4%ba%ba-%e3%81%a9%e3%81%ae%e3%81%8f%e3%82%89%e3%81%84%e3%80%8d%e3%81%ab%e4%b8%a6%e3%81%b61000%e6%99%82%e9%96%93/,年齢の明示,27歳,判定保留,人が読む,一人称でも読者向けでも制度でもない。文脈を見る,27歳の今から準備すれば、30歳の前に間に合う。
117,1000時間の目盛りより、2時間目が来るかどうかで決まる27歳の私,https://sakura-eigo.com/%e3%80%8c%e8%8b%b1%e8%aa%9e-%e3%82%bc%e3%83%ad%e3%81%8b%e3%82%89-%e7%a4%be%e4%bc%9a%e4%ba%ba-%e3%81%a9%e3%81%ae%e3%81%8f%e3%82%89%e3%81%84%e3%80%8d%e3%81%ab%e4%b8%a6%e3%81%b61000%e6%99%82%e9%96%93/,旧CTA見出し,さくらが確かめた,旧CTA見出し,削除する,CTAボックスの旧見出し。生成側は直済み,▶ さくらが確かめた・次の一手（すべて無料） → speek公式サイトで発音矯正スクールの内容を確認する → スパトレ（第二言語習得論ベースの英語トレーニング）の7日間無料体験を見る ※本記事にはアフィリエイトリンクが含まれます（PR）
27,2000時間の表が教えてくれない、27歳の分母が毎日減る理由,https://sakura-eigo.com/%e3%80%8c%e8%8b%b1%e8%aa%9e-%e3%83%9a%e3%83%a9%e3%83%9a%e3%83%a9-%e3%81%ab%e3%81%aa%e3%82%8b-%e6%9c%9f%e9%96%93%e3%80%8d%e3%81%a7%e5%87%ba%e3%82%8b2000%e6%99%82%e9%96%93%e3%83%bb2%e5%b9%b4/,年齢の明示,27歳,個人の設定,削除する,台帳に無いさくら固有の事実。読者の条件に置き換える,ワーホリの申請が30歳で閉じることを思い出して、いま27歳の私に残っているのが3年を切っているとわかった瞬間、指が止まった。
27,2000時間の表が教えてくれない、27歳の分母が毎日減る理由,https://sakura-eigo.com/%e3%80%8c%e8%8b%b1%e8%aa%9e-%e3%83%9a%e3%83%a9%e3%83%9a%e3%83%a9-%e3%81%ab%e3%81%aa%e3%82%8b-%e6%9c%9f%e9%96%93%e3%80%8d%e3%81%a7%e5%87%ba%e3%82%8b2000%e6%99%82%e9%96%93%e3%83%bb2%e5%b9%b4/,年齢の明示,26歳,判定保留,人が読む,一人称でも読者向けでも制度でもない。文脈を見る,始めては消え、始めては消えを繰り返して、気づいたら26歳が30歳のほうへ近づいていた。
27,2000時間の表が教えてくれない、27歳の分母が毎日減る理由,https://sakura-eigo.com/%e3%80%8c%e8%8b%b1%e8%aa%9e-%e3%83%9a%e3%83%a9%e3%83%9a%e3%83%a9-%e3%81%ab%e3%81%aa%e3%82%8b-%e6%9c%9f%e9%96%93%e3%80%8d%e3%81%a7%e5%87%ba%e3%82%8b2000%e6%99%82%e9%96%93%e3%83%bb2%e5%b9%b4/,年齢の明示,27歳,判定保留,人が読む,一人称でも読者向けでも制度でもない。文脈を見る,仕事で疲れた日に、その全部を自力でやれる27歳の会社員は、たぶんそんなに多くない。
27,2000時間の表が教えてくれない、27歳の分母が毎日減る理由,https://sakura-eigo.com/%e3%80%8c%e8%8b%b1%e8%aa%9e-%e3%83%9a%e3%83%a9%e3%83%9a%e3%83%a9-%e3%81%ab%e3%81%aa%e3%82%8b-%e6%9c%9f%e9%96%93%e3%80%8d%e3%81%a7%e5%87%ba%e3%82%8b2000%e6%99%82%e9%96%93%e3%83%bb2%e5%b9%b4/,旧CTA見出し,さくらが確かめた,旧CTA見出し,削除する,CTAボックスの旧見出し。生成側は直済み,▶ さくらが確かめた・次の一手（すべて無料） → ネイティブキャンプ留学で留学費用の無料見積もりを取る → 留学情報館で無料カウンセリングを申し込む ※本記事にはアフィリエイトリンクが含まれます（PR）
67,帰国後の床がないまま、5校を比べた2ヶ月を捨てた,https://sakura-eigo.com/%e3%80%8c%e3%83%95%e3%82%a3%e3%83%aa%e3%83%94%e3%83%b3%e7%95%99%e5%ad%a6-%e7%a4%be%e4%bc%9a%e4%ba%ba-%e3%81%8a%e3%81%99%e3%81%99%e3%82%81%e3%80%8d%e3%81%a7%e4%b8%a6%e3%81%b6%e5%ae%89%e3%81%84/,未確認の経歴,営業事務,個人の設定,削除する,台帳に無い経歴。職種・年数は書けない,営業事務の仕事で見積もりの整理には慣れているから、比較表を作る作業そのものは苦労しなかった。
67,帰国後の床がないまま、5校を比べた2ヶ月を捨てた,https://sakura-eigo.com/%e3%80%8c%e3%83%95%e3%82%a3%e3%83%aa%e3%83%94%e3%83%b3%e7%95%99%e5%ad%a6-%e7%a4%be%e4%bc%9a%e4%ba%ba-%e3%81%8a%e3%81%99%e3%81%99%e3%82%81%e3%80%8d%e3%81%a7%e4%b8%a6%e3%81%b6%e5%ae%89%e3%81%84/,年齢の明示,27歳,個人の設定,削除する,台帳に無いさくら固有の事実。読者の条件に置き換える,Table of Contents Toggle 5校を数字で並べたら、比べていた項目が全部「行っている間」の話だった 口コミ120件を読んで、低評価まで「現地は良かった」と書いていた 点数で1位になった学校を選べない自分に気づいた 「有給で行ける」という文句を喜んでいた自分が一番あぶなかった 辞めなくていいということは、戻る席がそのまま残るということ 2週
67,帰国後の床がないまま、5校を比べた2ヶ月を捨てた,https://sakura-eigo.com/%e3%80%8c%e3%83%95%e3%82%a3%e3%83%aa%e3%83%94%e3%83%b3%e7%95%99%e5%ad%a6-%e7%a4%be%e4%bc%9a%e4%ba%ba-%e3%81%8a%e3%81%99%e3%81%99%e3%82%81%e3%80%8d%e3%81%a7%e4%b8%a6%e3%81%b6%e5%ae%89%e3%81%84/,未確認の経歴,営業事務,個人の設定,削除する,台帳に無い経歴。職種・年数は書けない,私が戻るのは、英語を1度も使わない営業事務の席だ。
67,帰国後の床がないまま、5校を比べた2ヶ月を捨てた,https://sakura-eigo.com/%e3%80%8c%e3%83%95%e3%82%a3%e3%83%aa%e3%83%94%e3%83%b3%e7%95%99%e5%ad%a6-%e7%a4%be%e4%bc%9a%e4%ba%ba-%e3%81%8a%e3%81%99%e3%81%99%e3%82%81%e3%80%8d%e3%81%a7%e4%b8%a6%e3%81%b6%e5%ae%89%e3%81%84/,年齢の明示,27歳,判定保留,人が読む,一人称でも読者向けでも制度でもない。文脈を見る,→ ネイティブキャンプ留学で留学費用の無料見積もりを取る 27歳という数字が、比較の夜に急に重くのしかかった エクセルを閉じかけたとき、右下の日付が目に入った。
67,帰国後の床がないまま、5校を比べた2ヶ月を捨てた,https://sakura-eigo.com/%e3%80%8c%e3%83%95%e3%82%a3%e3%83%aa%e3%83%94%e3%83%b3%e7%95%99%e5%ad%a6-%e7%a4%be%e4%bc%9a%e4%ba%ba-%e3%81%8a%e3%81%99%e3%81%99%e3%82%81%e3%80%8d%e3%81%a7%e4%b8%a6%e3%81%b6%e5%ae%89%e3%81%84/,期限の宣言,あと3年,個人の設定,削除する,本人の期限の宣言。読者自身の問題に置き換える,あと3年で30歳になる。
67,帰国後の床がないまま、5校を比べた2ヶ月を捨てた,https://sakura-eigo.com/%e3%80%8c%e3%83%95%e3%82%a3%e3%83%aa%e3%83%94%e3%83%b3%e7%95%99%e5%ad%a6-%e7%a4%be%e4%bc%9a%e4%ba%ba-%e3%81%8a%e3%81%99%e3%81%99%e3%82%81%e3%80%8d%e3%81%a7%e4%b8%a6%e3%81%b6%e5%ae%89%e3%81%84/,旧CTA見出し,さくらが確かめた,旧CTA見出し,削除する,CTAボックスの旧見出し。生成側は直済み,▶ さくらが確かめた・次の一手（すべて無料） → ネイティブキャンプ留学で留学費用の無料見積もりを取る → フィリピン留学ナビの無料相談会に申し込む ※本記事にはアフィリエイトリンクが含まれます（PR）
64,卒業後も残る締め切りが、月謝25万円より先に必要だった,https://sakura-eigo.com/%e3%80%8c%e8%8b%b1%e8%aa%9e%e3%82%b3%e3%83%bc%e3%83%81%e3%83%b3%e3%82%b0-%e6%8c%ab%e6%8a%98-%e3%81%97%e3%81%aa%e3%81%84-%e6%96%b9%e6%b3%95%e3%80%8d%e3%81%a7%e4%b8%a6%e3%81%b6%e7%9b%ae%e6%a8%99/,年齢の明示,27歳,個人の設定,削除する,台帳に無いさくら固有の事実。読者の条件に置き換える,私は営業事務で、仕事を辞めずに行けるのか、短期でも意味があるのか、27歳で30歳のタイムリミットが迫る私に現実的な選択肢はどれか。
64,卒業後も残る締め切りが、月謝25万円より先に必要だった,https://sakura-eigo.com/%e3%80%8c%e8%8b%b1%e8%aa%9e%e3%82%b3%e3%83%bc%e3%83%81%e3%83%b3%e3%82%b0-%e6%8c%ab%e6%8a%98-%e3%81%97%e3%81%aa%e3%81%84-%e6%96%b9%e6%b3%95%e3%80%8d%e3%81%a7%e4%b8%a6%e3%81%b6%e7%9b%ae%e6%a8%99/,未確認の経歴,営業事務,個人の設定,削除する,台帳に無い経歴。職種・年数は書けない,私は営業事務で、仕事を辞めずに行けるのか、短期でも意味があるのか、27歳で30歳のタイムリミットが迫る私に現実的な選択肢はどれか。
64,卒業後も残る締め切りが、月謝25万円より先に必要だった,https://sakura-eigo.com/%e3%80%8c%e8%8b%b1%e8%aa%9e%e3%82%b3%e3%83%bc%e3%83%81%e3%83%b3%e3%82%b0-%e6%8c%ab%e6%8a%98-%e3%81%97%e3%81%aa%e3%81%84-%e6%96%b9%e6%b3%95%e3%80%8d%e3%81%a7%e4%b8%a6%e3%81%b6%e7%9b%ae%e6%a8%99/,期限の宣言,30歳になる前,個人の設定,削除する,台帳に無いさくら固有の事実。読者の条件に置き換える,ここで話したのは「英語が話せるようになりたい」ではなく、「30歳になる前に、英語を仕事で使える自分に戻したい。
64,卒業後も残る締め切りが、月謝25万円より先に必要だった,https://sakura-eigo.com/%e3%80%8c%e8%8b%b1%e8%aa%9e%e3%82%b3%e3%83%bc%e3%83%81%e3%83%b3%e3%82%b0-%e6%8c%ab%e6%8a%98-%e3%81%97%e3%81%aa%e3%81%84-%e6%96%b9%e6%b3%95%e3%80%8d%e3%81%a7%e4%b8%a6%e3%81%b6%e7%9b%ae%e6%a8%99/,旧CTA見出し,さくらが確かめた,旧CTA見出し,削除する,CTAボックスの旧見出し。生成側は直済み,▶ さくらが確かめた・次の一手（すべて無料） → ネイティブキャンプ留学で留学費用の無料見積もりを取る → 留学情報館で無料カウンセリングを申し込む ※本記事にはアフィリエイトリンクが含まれます（PR）
61,同期の年収が60万円上がった理由を、私はモチベで探していた,https://sakura-eigo.com/%e3%80%8c%e8%8b%b1%e8%aa%9e-%e5%8b%89%e5%bc%b7-%e3%83%a2%e3%83%81%e3%83%99-%e4%b8%8a%e3%81%92%e3%82%8b-%e6%96%b9%e6%b3%95%e3%80%8d%e3%81%a7%e4%b8%a6%e3%81%b6%e7%9b%ae%e6%a8%99%e8%a8%ad%e5%ae%9a/,未確認の経歴,営業事務,個人の設定,削除する,台帳に無い経歴。職種・年数は書けない,彼女と私は入社が同じで、配属も同じ営業事務だった。
61,同期の年収が60万円上がった理由を、私はモチベで探していた,https://sakura-eigo.com/%e3%80%8c%e8%8b%b1%e8%aa%9e-%e5%8b%89%e5%bc%b7-%e3%83%a2%e3%83%81%e3%83%99-%e4%b8%8a%e3%81%92%e3%82%8b-%e6%96%b9%e6%b3%95%e3%80%8d%e3%81%a7%e4%b8%a6%e3%81%b6%e7%9b%ae%e6%a8%99%e8%a8%ad%e5%ae%9a/,年齢の明示,27歳,個人の設定,削除する,本人の期限の宣言。読者自身の問題に置き換える,27歳の今、30歳まではまだ3年ある。
61,同期の年収が60万円上がった理由を、私はモチベで探していた,https://sakura-eigo.com/%e3%80%8c%e8%8b%b1%e8%aa%9e-%e5%8b%89%e5%bc%b7-%e3%83%a2%e3%83%81%e3%83%99-%e4%b8%8a%e3%81%92%e3%82%8b-%e6%96%b9%e6%b3%95%e3%80%8d%e3%81%a7%e4%b8%a6%e3%81%b6%e7%9b%ae%e6%a8%99%e8%a8%ad%e5%ae%9a/,期限の宣言,30歳まで,個人の設定,削除する,本人の期限の宣言。読者自身の問題に置き換える,27歳の今、30歳まではまだ3年ある。
61,同期の年収が60万円上がった理由を、私はモチベで探していた,https://sakura-eigo.com/%e3%80%8c%e8%8b%b1%e8%aa%9e-%e5%8b%89%e5%bc%b7-%e3%83%a2%e3%83%81%e3%83%99-%e4%b8%8a%e3%81%92%e3%82%8b-%e6%96%b9%e6%b3%95%e3%80%8d%e3%81%a7%e4%b8%a6%e3%81%b6%e7%9b%ae%e6%a8%99%e8%a8%ad%e5%ae%9a/,旧CTA見出し,さくらが確かめた,旧CTA見出し,削除する,CTAボックスの旧見出し。生成側は直済み,▶ さくらが確かめた・次の一手（すべて無料） → スパトレ（第二言語習得論ベースの英語トレーニング）の7日間無料体験を見る → スタディサプリENGLISH 新日常英会話コースを無料体験する ※本記事にはアフィリエイトリンクが含まれます（PR）
19,「英語 独学 社会人 方法」を10個集めても話せない人が、本当に欠いている1つの,https://sakura-eigo.com/%e3%80%8c%e8%8b%b1%e8%aa%9e-%e7%8b%ac%e5%ad%a6-%e7%a4%be%e4%bc%9a%e4%ba%ba-%e6%96%b9%e6%b3%95%e3%80%8d%e3%82%9210%e5%80%8b%e9%9b%86%e3%82%81%e3%81%a6%e3%82%82%e8%a9%b1%e3%81%9b%e3%81%aa%e3%81%84/,未確認の経歴,営業事務,個人の設定,削除する,台帳に無い経歴。職種・年数は書けない,忙しい営業事務の私にとって、この言葉ほど都合のいいものはなかった。
19,「英語 独学 社会人 方法」を10個集めても話せない人が、本当に欠いている1つの,https://sakura-eigo.com/%e3%80%8c%e8%8b%b1%e8%aa%9e-%e7%8b%ac%e5%ad%a6-%e7%a4%be%e4%bc%9a%e4%ba%ba-%e6%96%b9%e6%b3%95%e3%80%8d%e3%82%9210%e5%80%8b%e9%9b%86%e3%82%81%e3%81%a6%e3%82%82%e8%a9%b1%e3%81%9b%e3%81%aa%e3%81%84/,年齢の明示,25歳,個人の設定,削除する,台帳に無いさくら固有の事実。読者の条件に置き換える,25歳だった私は、いま27歳になっている。
19,「英語 独学 社会人 方法」を10個集めても話せない人が、本当に欠いている1つの,https://sakura-eigo.com/%e3%80%8c%e8%8b%b1%e8%aa%9e-%e7%8b%ac%e5%ad%a6-%e7%a4%be%e4%bc%9a%e4%ba%ba-%e6%96%b9%e6%b3%95%e3%80%8d%e3%82%9210%e5%80%8b%e9%9b%86%e3%82%81%e3%81%a6%e3%82%82%e8%a9%b1%e3%81%9b%e3%81%aa%e3%81%84/,期限の宣言,30歳まで,個人の設定,削除する,本人の期限の宣言。読者自身の問題に置き換える,制度が使えるのは30歳まで。
19,「英語 独学 社会人 方法」を10個集めても話せない人が、本当に欠いている1つの,https://sakura-eigo.com/%e3%80%8c%e8%8b%b1%e8%aa%9e-%e7%8b%ac%e5%ad%a6-%e7%a4%be%e4%bc%9a%e4%ba%ba-%e6%96%b9%e6%b3%95%e3%80%8d%e3%82%9210%e5%80%8b%e9%9b%86%e3%82%81%e3%81%a6%e3%82%82%e8%a9%b1%e3%81%9b%e3%81%aa%e3%81%84/,年齢の明示,27歳,個人の設定,削除する,台帳に無いさくら固有の事実。読者の条件に置き換える,私はいま27歳。
19,「英語 独学 社会人 方法」を10個集めても話せない人が、本当に欠いている1つの,https://sakura-eigo.com/%e3%80%8c%e8%8b%b1%e8%aa%9e-%e7%8b%ac%e5%ad%a6-%e7%a4%be%e4%bc%9a%e4%ba%ba-%e6%96%b9%e6%b3%95%e3%80%8d%e3%82%9210%e5%80%8b%e9%9b%86%e3%82%81%e3%81%a6%e3%82%82%e8%a9%b1%e3%81%9b%e3%81%aa%e3%81%84/,期限の宣言,あと2年,個人の設定,削除する,本人の期限の宣言。読者自身の問題に置き換える,逆算すると、動けるのはあと2年半しかない。
19,「英語 独学 社会人 方法」を10個集めても話せない人が、本当に欠いている1つの,https://sakura-eigo.com/%e3%80%8c%e8%8b%b1%e8%aa%9e-%e7%8b%ac%e5%ad%a6-%e7%a4%be%e4%bc%9a%e4%ba%ba-%e6%96%b9%e6%b3%95%e3%80%8d%e3%82%9210%e5%80%8b%e9%9b%86%e3%82%81%e3%81%a6%e3%82%82%e8%a9%b1%e3%81%9b%e3%81%aa%e3%81%84/,旧CTA見出し,さくらが確かめた,旧CTA見出し,削除する,CTAボックスの旧見出し。生成側は直済み,▶ さくらが確かめた・次の一手（すべて無料） → スパトレ（第二言語習得論ベースの英語トレーニング）の7日間無料体験を見る → スタディサプリENGLISH 新日常英会話コースを無料体験する ※本記事にはアフィリエイトリンクが含まれます（PR）
18,留学エージェントのおすすめを18社比較し続ける限り、あなたは一生出発しない,https://sakura-eigo.com/%e7%95%99%e5%ad%a6%e3%82%a8%e3%83%bc%e3%82%b8%e3%82%a7%e3%83%b3%e3%83%88%e3%81%ae%e3%81%8a%e3%81%99%e3%81%99%e3%82%81%e3%82%9218%e7%a4%be%e6%af%94%e8%bc%83%e3%81%97%e7%b6%9a%e3%81%91%e3%82%8b%e9%99%90/,年齢の明示,20歳,読者の条件,残してよい,読者自身の悩みとして書かれている,他人の点数は、あなたの渡航条件と噛み合っていない 星4.5の会社を絶賛しているレビューをよく読むと、書いた人は大学を休学した20歳の学生だったりする。
18,留学エージェントのおすすめを18社比較し続ける限り、あなたは一生出発しない,https://sakura-eigo.com/%e7%95%99%e5%ad%a6%e3%82%a8%e3%83%bc%e3%82%b8%e3%82%a7%e3%83%b3%e3%83%88%e3%81%ae%e3%81%8a%e3%81%99%e3%81%99%e3%82%81%e3%82%9218%e7%a4%be%e6%af%94%e8%bc%83%e3%81%97%e7%b6%9a%e3%81%91%e3%82%8b%e9%99%90/,年齢の明示,27歳,個人の設定,削除する,台帳に無いさくら固有の事実。読者の条件に置き換える,私は27歳で、営業事務の給料から毎月4万円を積み立てて、退職のタイミングまで自分で決めなければいけない。
18,留学エージェントのおすすめを18社比較し続ける限り、あなたは一生出発しない,https://sakura-eigo.com/%e7%95%99%e5%ad%a6%e3%82%a8%e3%83%bc%e3%82%b8%e3%82%a7%e3%83%b3%e3%83%88%e3%81%ae%e3%81%8a%e3%81%99%e3%81%99%e3%82%81%e3%82%9218%e7%a4%be%e6%af%94%e8%bc%83%e3%81%97%e7%b6%9a%e3%81%91%e3%82%8b%e9%99%90/,未確認の経歴,営業事務,個人の設定,削除する,台帳に無い経歴。職種・年数は書けない,私は27歳で、営業事務の給料から毎月4万円を積み立てて、退職のタイミングまで自分で決めなければいけない。
18,留学エージェントのおすすめを18社比較し続ける限り、あなたは一生出発しない,https://sakura-eigo.com/%e7%95%99%e5%ad%a6%e3%82%a8%e3%83%bc%e3%82%b8%e3%82%a7%e3%83%b3%e3%83%88%e3%81%ae%e3%81%8a%e3%81%99%e3%81%99%e3%82%81%e3%82%9218%e7%a4%be%e6%af%94%e8%bc%83%e3%81%97%e7%b6%9a%e3%81%91%e3%82%8b%e9%99%90/,年齢の明示,24歳,判定保留,人が読む,近くに制度の話があるが、この文自体は要件を書いていない,美咲は24歳だ。
18,留学エージェントのおすすめを18社比較し続ける限り、あなたは一生出発しない,https://sakura-eigo.com/%e7%95%99%e5%ad%a6%e3%82%a8%e3%83%bc%e3%82%b8%e3%82%a7%e3%83%b3%e3%83%88%e3%81%ae%e3%81%8a%e3%81%99%e3%81%99%e3%82%81%e3%82%9218%e7%a4%be%e6%af%94%e8%bc%83%e3%81%97%e7%b6%9a%e3%81%91%e3%82%8b%e9%99%90/,年齢の明示,26歳,個人の設定,削除する,台帳に無いさくら固有の事実。読者の条件に置き換える,私はそのとき26歳で、まだ1社にも問い合わせていなかった。
18,留学エージェントのおすすめを18社比較し続ける限り、あなたは一生出発しない,https://sakura-eigo.com/%e7%95%99%e5%ad%a6%e3%82%a8%e3%83%bc%e3%82%b8%e3%82%a7%e3%83%b3%e3%83%88%e3%81%ae%e3%81%8a%e3%81%99%e3%81%99%e3%82%81%e3%82%9218%e7%a4%be%e6%af%94%e8%bc%83%e3%81%97%e7%b6%9a%e3%81%91%e3%82%8b%e9%99%90/,年齢の明示,29歳,個人の設定,削除する,台帳に無いさくら固有の事実。読者の条件に置き換える,私は「29歳の誕生日までに申請完了」と手帳の月間ページに書いた。
18,留学エージェントのおすすめを18社比較し続ける限り、あなたは一生出発しない,https://sakura-eigo.com/%e7%95%99%e5%ad%a6%e3%82%a8%e3%83%bc%e3%82%b8%e3%82%a7%e3%83%b3%e3%83%88%e3%81%ae%e3%81%8a%e3%81%99%e3%81%99%e3%82%81%e3%82%9218%e7%a4%be%e6%af%94%e8%bc%83%e3%81%97%e7%b6%9a%e3%81%91%e3%82%8b%e9%99%90/,旧CTA見出し,さくらが確かめた,旧CTA見出し,削除する,CTAボックスの旧見出し。生成側は直済み,▶ さくらが確かめた・次の一手（すべて無料） → ネイティブキャンプ留学で留学費用の無料見積もりを取る → 留学情報館で無料カウンセリングを申し込む ※本記事にはアフィリエイトリンクが含まれます（PR）
42,来週の会議で要る数10文だけを、1000時間の準備から取り出す,https://sakura-eigo.com/%e3%80%8c%e4%bb%95%e4%ba%8b-%e8%8b%b1%e8%aa%9e-%e5%bf%85%e8%a6%81-%e3%81%aa%e3%81%ae%e3%81%ab-%e3%81%a7%e3%81%8d%e3%81%aa%e3%81%84%e3%80%8d%e3%81%a7%e4%b8%a6%e3%81%b6%e5%bf%83%e3%81%ae%e6%8c%81/,未確認の経歴,営業事務,個人の設定,削除する,台帳に無い経歴。職種・年数は書けない,でも締め切りがない 営業事務の私が本当に使う英文は、驚くほど数が少ない メールで詰まる場面は、骨組みを覚えれば毎回使い回せた 電話で必要だったのは、会話をつなぐ3文だけだった 覚えた英文が口から出ない、その正体を突き止めた 頭で知っていることと、口が動くことは別だった 足りなかったのは、その数十文を声に出した回数だった 相手のいる場所で、私の十数文だけを撃ち
42,来週の会議で要る数10文だけを、1000時間の準備から取り出す,https://sakura-eigo.com/%e3%80%8c%e4%bb%95%e4%ba%8b-%e8%8b%b1%e8%aa%9e-%e5%bf%85%e8%a6%81-%e3%81%aa%e3%81%ae%e3%81%ab-%e3%81%a7%e3%81%8d%e3%81%aa%e3%81%84%e3%80%8d%e3%81%a7%e4%b8%a6%e3%81%b6%e5%bf%83%e3%81%ae%e6%8c%81/,未確認の経歴,営業事務,個人の設定,削除する,台帳に無い経歴。職種・年数は書けない,理由は単純で、私が困っているのは「英語力が全体的に足りない」ことより、「営業事務の私が使う数十文を、その場で口から出せない」という、もっと狭くて具体的な穴だったからだ。
42,来週の会議で要る数10文だけを、1000時間の準備から取り出す,https://sakura-eigo.com/%e3%80%8c%e4%bb%95%e4%ba%8b-%e8%8b%b1%e8%aa%9e-%e5%bf%85%e8%a6%81-%e3%81%aa%e3%81%ae%e3%81%ab-%e3%81%a7%e3%81%8d%e3%81%aa%e3%81%84%e3%80%8d%e3%81%a7%e4%b8%a6%e3%81%b6%e5%bf%83%e3%81%ae%e6%8c%81/,未確認の経歴,営業事務,個人の設定,削除する,台帳に無い経歴。職種・年数は書けない,営業事務の私が本当に使う英文は、驚くほど数が少ない あの電話のあと、私は1週間、自分の仕事で英語が要る場面を全部メモに書き出してみた。
42,来週の会議で要る数10文だけを、1000時間の準備から取り出す,https://sakura-eigo.com/%e3%80%8c%e4%bb%95%e4%ba%8b-%e8%8b%b1%e8%aa%9e-%e5%bf%85%e8%a6%81-%e3%81%aa%e3%81%ae%e3%81%ab-%e3%81%a7%e3%81%8d%e3%81%aa%e3%81%84%e3%80%8d%e3%81%a7%e4%b8%a6%e3%81%b6%e5%bf%83%e3%81%ae%e6%8c%81/,未確認の経歴,営業事務,個人の設定,削除する,台帳に無い経歴。職種・年数は書けない,私が身につけるべきだったのは、無限に広がる英語力ではなく、営業事務という職務のなかで実際に使う、この十数文だった。
42,来週の会議で要る数10文だけを、1000時間の準備から取り出す,https://sakura-eigo.com/%e3%80%8c%e4%bb%95%e4%ba%8b-%e8%8b%b1%e8%aa%9e-%e5%bf%85%e8%a6%81-%e3%81%aa%e3%81%ae%e3%81%ab-%e3%81%a7%e3%81%8d%e3%81%aa%e3%81%84%e3%80%8d%e3%81%a7%e4%b8%a6%e3%81%b6%e5%bf%83%e3%81%ae%e6%8c%81/,未確認の経歴,営業事務,個人の設定,削除する,台帳に無い経歴。職種・年数は書けない,私に足りていたのは、営業事務で使う十数文を、声に出して繰り返した回数だ。
42,来週の会議で要る数10文だけを、1000時間の準備から取り出す,https://sakura-eigo.com/%e3%80%8c%e4%bb%95%e4%ba%8b-%e8%8b%b1%e8%aa%9e-%e5%bf%85%e8%a6%81-%e3%81%aa%e3%81%ae%e3%81%ab-%e3%81%a7%e3%81%8d%e3%81%aa%e3%81%84%e3%80%8d%e3%81%a7%e4%b8%a6%e3%81%b6%e5%bf%83%e3%81%ae%e6%8c%81/,未確認の経歴,営業事務,個人の設定,削除する,台帳に無い経歴。職種・年数は書けない,英語力全体を上げる講座ではなく、営業事務の私が詰まる場面を、実際の会話のなかで繰り返す。
42,来週の会議で要る数10文だけを、1000時間の準備から取り出す,https://sakura-eigo.com/%e3%80%8c%e4%bb%95%e4%ba%8b-%e8%8b%b1%e8%aa%9e-%e5%bf%85%e8%a6%81-%e3%81%aa%e3%81%ae%e3%81%ab-%e3%81%a7%e3%81%8d%e3%81%aa%e3%81%84%e3%80%8d%e3%81%a7%e4%b8%a6%e3%81%b6%e5%bf%83%e3%81%ae%e6%8c%81/,年齢の明示,27歳,個人の設定,削除する,台帳に無いさくら固有の事実。読者の条件に置き換える,27歳の私には、30歳までにという勝手なタイムリミットがある。
42,来週の会議で要る数10文だけを、1000時間の準備から取り出す,https://sakura-eigo.com/%e3%80%8c%e4%bb%95%e4%ba%8b-%e8%8b%b1%e8%aa%9e-%e5%bf%85%e8%a6%81-%e3%81%aa%e3%81%ae%e3%81%ab-%e3%81%a7%e3%81%8d%e3%81%aa%e3%81%84%e3%80%8d%e3%81%a7%e4%b8%a6%e3%81%b6%e5%bf%83%e3%81%ae%e6%8c%81/,期限の宣言,30歳まで,個人の設定,削除する,台帳に無いさくら固有の事実。読者の条件に置き換える,27歳の私には、30歳までにという勝手なタイムリミットがある。
42,来週の会議で要る数10文だけを、1000時間の準備から取り出す,https://sakura-eigo.com/%e3%80%8c%e4%bb%95%e4%ba%8b-%e8%8b%b1%e8%aa%9e-%e5%bf%85%e8%a6%81-%e3%81%aa%e3%81%ae%e3%81%ab-%e3%81%a7%e3%81%8d%e3%81%aa%e3%81%84%e3%80%8d%e3%81%a7%e4%b8%a6%e3%81%b6%e5%bf%83%e3%81%ae%e6%8c%81/,期限の宣言,あと3年,個人の設定,削除する,本人の期限の宣言。読者自身の問題に置き換える,あと3年で英語をものにしたい、と漠然と焦っていた時期は、いつも1000時間の坂を見上げては、その大きさに足がすくんでいた。
42,来週の会議で要る数10文だけを、1000時間の準備から取り出す,https://sakura-eigo.com/%e3%80%8c%e4%bb%95%e4%ba%8b-%e8%8b%b1%e8%aa%9e-%e5%bf%85%e8%a6%81-%e3%81%aa%e3%81%ae%e3%81%ab-%e3%81%a7%e3%81%8d%e3%81%aa%e3%81%84%e3%80%8d%e3%81%a7%e4%b8%a6%e3%81%b6%e5%bf%83%e3%81%ae%e6%8c%81/,旧CTA見出し,さくらが確かめた,旧CTA見出し,削除する,CTAボックスの旧見出し。生成側は直済み,▶ さくらが確かめた・次の一手（すべて無料） → QQ English公式サイトでレッスンの内容と料金を確認する → ネイティブキャンプ（予約不要・レッスン回数無制限）の無料トライアルを試す ※本記事にはアフィリエイトリンクが含まれます（PR）
41,深夜0時の検索が教えてくれた、45分の摩擦が続かない理由だった,https://sakura-eigo.com/%e3%80%8c%e8%8b%b1%e4%bc%9a%e8%a9%b1-%e7%b6%9a%e3%81%8b%e3%81%aa%e3%81%84-%e8%a7%a3%e6%b1%ba%e7%ad%96%e3%80%8d%e3%81%a7%e4%b8%a6%e3%81%b6%e7%bf%92%e6%85%a3%e5%8c%96%e3%81%ae%e3%82%b3%e3%83%84/,年齢の明示,27歳,個人の設定,削除する,台帳に無いさくら固有の事実。読者の条件に置き換える,30歳の扉の前で、私が手放したもの 私は今27歳で、30歳までに英語を仕事に使える自分になりたいと、ずっと思ってきた。
41,深夜0時の検索が教えてくれた、45分の摩擦が続かない理由だった,https://sakura-eigo.com/%e3%80%8c%e8%8b%b1%e4%bc%9a%e8%a9%b1-%e7%b6%9a%e3%81%8b%e3%81%aa%e3%81%84-%e8%a7%a3%e6%b1%ba%e7%ad%96%e3%80%8d%e3%81%a7%e4%b8%a6%e3%81%b6%e7%bf%92%e6%85%a3%e5%8c%96%e3%81%ae%e3%82%b3%e3%83%84/,期限の宣言,30歳まで,個人の設定,削除する,台帳に無いさくら固有の事実。読者の条件に置き換える,30歳の扉の前で、私が手放したもの 私は今27歳で、30歳までに英語を仕事に使える自分になりたいと、ずっと思ってきた。
41,深夜0時の検索が教えてくれた、45分の摩擦が続かない理由だった,https://sakura-eigo.com/%e3%80%8c%e8%8b%b1%e4%bc%9a%e8%a9%b1-%e7%b6%9a%e3%81%8b%e3%81%aa%e3%81%84-%e8%a7%a3%e6%b1%ba%e7%ad%96%e3%80%8d%e3%81%a7%e4%b8%a6%e3%81%b6%e7%bf%92%e6%85%a3%e5%8c%96%e3%81%ae%e3%82%b3%e3%83%84/,旧CTA見出し,さくらが確かめた,旧CTA見出し,削除する,CTAボックスの旧見出し。生成側は直済み,▶ さくらが確かめた・次の一手（すべて無料） → スパトレ（第二言語習得論ベースの英語トレーニング）の7日間無料体験を見る → スタディサプリENGLISH 新日常英会話コースを無料体験する ※本記事にはアフィリエイトリンクが含まれます（PR）
33,付箋50枚より、週3回の納期確認10パターン。営業事務の私が電話で口が動くまで,https://sakura-eigo.com/%e3%80%8c%e3%83%93%e3%82%b8%e3%83%8d%e3%82%b9%e8%8b%b1%e8%aa%9e-%e5%8b%89%e5%bc%b7%e6%b3%95-%e7%a4%be%e4%bc%9a%e4%ba%ba%e3%80%8d%e3%81%a7%e5%87%ba%e3%82%8b%e5%ae%9a%e5%9e%8b%e8%a1%a8%e7%8f%be%e3%82%92/,未確認の経歴,営業事務,個人の設定,削除する,台帳に無い経歴。職種・年数は書けない,Table of Contents Toggle 木曜の朝、受話器を取ったまま3秒固まった話 「たくさん覚える」が営業事務の電話でだけ効かない理由 覚えた数と口が動く速さは比例しない 「量を減らして深く」に切り替えた日 頻度順に10場面を並べたら、勉強の中身が変わった 納期確認は2段構成の型で固定する 発注数の変更は分岐を先に決めておく 作った英文が本番で出
33,付箋50枚より、週3回の納期確認10パターン。営業事務の私が電話で口が動くまで,https://sakura-eigo.com/%e3%80%8c%e3%83%93%e3%82%b8%e3%83%8d%e3%82%b9%e8%8b%b1%e8%aa%9e-%e5%8b%89%e5%bc%b7%e6%b3%95-%e7%a4%be%e4%bc%9a%e4%ba%ba%e3%80%8d%e3%81%a7%e5%87%ba%e3%82%8b%e5%ae%9a%e5%9e%8b%e8%a1%a8%e7%8f%be%e3%82%92/,未確認の経歴,営業事務,個人の設定,削除する,台帳に無い経歴。職種・年数は書けない,「たくさん覚える」が営業事務の電話でだけ効かない理由 英語の勉強として真っ先に思いつくのは、語彙とフレーズを増やすことだ。
33,付箋50枚より、週3回の納期確認10パターン。営業事務の私が電話で口が動くまで,https://sakura-eigo.com/%e3%80%8c%e3%83%93%e3%82%b8%e3%83%8d%e3%82%b9%e8%8b%b1%e8%aa%9e-%e5%8b%89%e5%bc%b7%e6%b3%95-%e7%a4%be%e4%bc%9a%e4%ba%ba%e3%80%8d%e3%81%a7%e5%87%ba%e3%82%8b%e5%ae%9a%e5%9e%8b%e8%a1%a8%e7%8f%be%e3%82%92/,未確認の経歴,営業事務,個人の設定,削除する,台帳に無い経歴。職種・年数は書けない,けれど営業事務の電話に限って、この積み上げ方式がまるで機能しないことを痛感している。
33,付箋50枚より、週3回の納期確認10パターン。営業事務の私が電話で口が動くまで,https://sakura-eigo.com/%e3%80%8c%e3%83%93%e3%82%b8%e3%83%8d%e3%82%b9%e8%8b%b1%e8%aa%9e-%e5%8b%89%e5%bc%b7%e6%b3%95-%e7%a4%be%e4%bc%9a%e4%ba%ba%e3%80%8d%e3%81%a7%e5%87%ba%e3%82%8b%e5%ae%9a%e5%9e%8b%e8%a1%a8%e7%8f%be%e3%82%92/,未確認の経歴,営業事務,個人の設定,削除する,台帳に無い経歴。職種・年数は書けない,営業事務の電話でいちばん怖いのは、私が用意した文に対して相手が予想外の質問を返してくることだ。
33,付箋50枚より、週3回の納期確認10パターン。営業事務の私が電話で口が動くまで,https://sakura-eigo.com/%e3%80%8c%e3%83%93%e3%82%b8%e3%83%8d%e3%82%b9%e8%8b%b1%e8%aa%9e-%e5%8b%89%e5%bc%b7%e6%b3%95-%e7%a4%be%e4%bc%9a%e4%ba%ba%e3%80%8d%e3%81%a7%e5%87%ba%e3%82%8b%e5%ae%9a%e5%9e%8b%e8%a1%a8%e7%8f%be%e3%82%92/,期限の宣言,30歳まで,個人の設定,削除する,本人の期限の宣言。読者自身の問題に置き換える,30歳まであと3年を切った今、腰を据えて英語を使い切る環境に一度身を置いてみたい気持ちが強くなった。
33,付箋50枚より、週3回の納期確認10パターン。営業事務の私が電話で口が動くまで,https://sakura-eigo.com/%e3%80%8c%e3%83%93%e3%82%b8%e3%83%8d%e3%82%b9%e8%8b%b1%e8%aa%9e-%e5%8b%89%e5%bc%b7%e6%b3%95-%e7%a4%be%e4%bc%9a%e4%ba%ba%e3%80%8d%e3%81%a7%e5%87%ba%e3%82%8b%e5%ae%9a%e5%9e%8b%e8%a1%a8%e7%8f%be%e3%82%92/,未確認の経歴,営業事務,個人の設定,削除する,台帳に無い経歴。職種・年数は書けない,→ 留学情報館で無料カウンセリングを申し込む 崩れた英語でも会話が回れば、営業事務の仕事は果たせる 10場面を練習し始めて2ヶ月が経った頃、また同じシンガポールの取引先から電話が回ってきた。
33,付箋50枚より、週3回の納期確認10パターン。営業事務の私が電話で口が動くまで,https://sakura-eigo.com/%e3%80%8c%e3%83%93%e3%82%b8%e3%83%8d%e3%82%b9%e8%8b%b1%e8%aa%9e-%e5%8b%89%e5%bc%b7%e6%b3%95-%e7%a4%be%e4%bc%9a%e4%ba%ba%e3%80%8d%e3%81%a7%e5%87%ba%e3%82%8b%e5%ae%9a%e5%9e%8b%e8%a1%a8%e7%8f%be%e3%82%92/,期限の宣言,30歳まで,個人の設定,削除する,本人の期限の宣言。読者自身の問題に置き換える,30歳まであと3年。
33,付箋50枚より、週3回の納期確認10パターン。営業事務の私が電話で口が動くまで,https://sakura-eigo.com/%e3%80%8c%e3%83%93%e3%82%b8%e3%83%8d%e3%82%b9%e8%8b%b1%e8%aa%9e-%e5%8b%89%e5%bc%b7%e6%b3%95-%e7%a4%be%e4%bc%9a%e4%ba%ba%e3%80%8d%e3%81%a7%e5%87%ba%e3%82%8b%e5%ae%9a%e5%9e%8b%e8%a1%a8%e7%8f%be%e3%82%92/,旧CTA見出し,さくらが確かめた,旧CTA見出し,削除する,CTAボックスの旧見出し。生成側は直済み,▶ さくらが確かめた・次の一手（すべて無料） → ネイティブキャンプ留学で留学費用の無料見積もりを取る → 留学情報館で無料カウンセリングを申し込む ※本記事にはアフィリエイトリンクが含まれます（PR）
28,「英会話 上達 しない 理由」で出る8個のリストを全部潰しても話せない、その全部,https://sakura-eigo.com/%e3%80%8c%e8%8b%b1%e4%bc%9a%e8%a9%b1-%e4%b8%8a%e9%81%94-%e3%81%97%e3%81%aa%e3%81%84-%e7%90%86%e7%94%b1%e3%80%8d%e3%81%a7%e5%87%ba%e3%82%8b8%e5%80%8b%e3%81%ae%e3%83%aa%e3%82%b9%e3%83%88%e3%82%92/,年齢の明示,27歳,判定保留,人が読む,一人称でも読者向けでも制度でもない。文脈を見る,27歳で、営業事務の仕事をしている。
28,「英会話 上達 しない 理由」で出る8個のリストを全部潰しても話せない、その全部,https://sakura-eigo.com/%e3%80%8c%e8%8b%b1%e4%bc%9a%e8%a9%b1-%e4%b8%8a%e9%81%94-%e3%81%97%e3%81%aa%e3%81%84-%e7%90%86%e7%94%b1%e3%80%8d%e3%81%a7%e5%87%ba%e3%82%8b8%e5%80%8b%e3%81%ae%e3%83%aa%e3%82%b9%e3%83%88%e3%82%92/,未確認の経歴,営業事務,個人の設定,削除する,台帳に無い経歴。職種・年数は書けない,27歳で、営業事務の仕事をしている。
28,「英会話 上達 しない 理由」で出る8個のリストを全部潰しても話せない、その全部,https://sakura-eigo.com/%e3%80%8c%e8%8b%b1%e4%bc%9a%e8%a9%b1-%e4%b8%8a%e9%81%94-%e3%81%97%e3%81%aa%e3%81%84-%e7%90%86%e7%94%b1%e3%80%8d%e3%81%a7%e5%87%ba%e3%82%8b8%e5%80%8b%e3%81%ae%e3%83%aa%e3%82%b9%e3%83%88%e3%82%92/,期限の宣言,30歳まで,個人の設定,削除する,台帳に無いさくら固有の事実。読者の条件に置き換える,私は30歳までに、隣の先輩の位置に立ちたい。
28,「英会話 上達 しない 理由」で出る8個のリストを全部潰しても話せない、その全部,https://sakura-eigo.com/%e3%80%8c%e8%8b%b1%e4%bc%9a%e8%a9%b1-%e4%b8%8a%e9%81%94-%e3%81%97%e3%81%aa%e3%81%84-%e7%90%86%e7%94%b1%e3%80%8d%e3%81%a7%e5%87%ba%e3%82%8b8%e5%80%8b%e3%81%ae%e3%83%aa%e3%82%b9%e3%83%88%e3%82%92/,旧CTA見出し,さくらが確かめた,旧CTA見出し,削除する,CTAボックスの旧見出し。生成側は直済み,▶ さくらが確かめた・次の一手（すべて無料） → QQ English公式サイトでレッスンの内容と料金を確認する → ネイティブキャンプ（予約不要・レッスン回数無制限）の無料トライアルを試す ※本記事にはアフィリエイトリンクが含まれます（PR）
