kind,value,unit,services,has_basedate,post_id,title,url,sentence,needs,confirmation
個人_支出,40万,万,,,235,帰国後も動き続ける仕組みを、セブ1ヶ月で作れるか、27歳の私が記事に見つけられな,https://sakura-eigo.com/%e3%80%8c%e3%82%bb%e3%83%96%e5%b3%b6%e7%95%99%e5%ad%a6-1%e3%83%b6%e6%9c%88-%e4%bd%93%e9%a8%93%e3%80%8d%e3%81%a7%e4%b8%a6%e3%81%b6%e8%b2%bb%e7%94%a8%e3%83%bb%e3%82%b9%e3%82%b1%e3%82%b8%e3%83%a5/,でも私が40万払って確かめたいのは、セブで楽しかったかどうかだったっけ。,クレジットカード・銀行の明細,
個人_支出,40万,万,,,235,帰国後も動き続ける仕組みを、セブ1ヶ月で作れるか、27歳の私が記事に見つけられな,https://sakura-eigo.com/%e3%80%8c%e3%82%bb%e3%83%96%e5%b3%b6%e7%95%99%e5%ad%a6-1%e3%83%b6%e6%9c%88-%e4%bd%93%e9%a8%93%e3%80%8d%e3%81%a7%e4%b8%a6%e3%81%b6%e8%b2%bb%e7%94%a8%e3%83%bb%e3%82%b9%e3%82%b1%e3%82%b8%e3%83%a5/,40万を払う前に、無料で自分の継続力を測れる。,クレジットカード・銀行の明細,
個人_支出,40万,万,,,235,帰国後も動き続ける仕組みを、セブ1ヶ月で作れるか、27歳の私が記事に見つけられな,https://sakura-eigo.com/%e3%80%8c%e3%82%bb%e3%83%96%e5%b3%b6%e7%95%99%e5%ad%a6-1%e3%83%b6%e6%9c%88-%e4%bd%93%e9%a8%93%e3%80%8d%e3%81%a7%e4%b8%a6%e3%81%b6%e8%b2%bb%e7%94%a8%e3%83%bb%e3%82%b9%e3%82%b1%e3%82%b8%e3%83%a5/,もし25分すら回らないなら、40万を払っても同じで、まず日本で25分を回せる自分を作るのが先になる。,クレジットカード・銀行の明細,
個人_支出,70万,万,,,305,TOEIC600点より先に、初日の薬局で症状を伝えられるか確かめる,https://sakura-eigo.com/working-holiday-english-level-needed/,5年間ずっと英語を後回しにしてきて、勧められると断れずに流されて、気づけば27歳になっている自分が、70万を払った先で本当に口を動かすようになるのか、それだけだった。,クレジットカード・銀行の明細,
個人_支出,70万,万,,,305,TOEIC600点より先に、初日の薬局で症状を伝えられるか確かめる,https://sakura-eigo.com/working-holiday-english-level-needed/,薬局で固まる自分を、70万払って現地で発見するのは遅すぎる。,クレジットカード・銀行の明細,
個人_支出,15万円,円,,,137,卒業当日の155点は、コーチが消えた4ヶ月目には残らない。15万円を払う前に見る,https://sakura-eigo.com/%e3%80%8c%e8%8b%b1%e8%aa%9e%e3%82%b3%e3%83%bc%e3%83%81%e3%83%b3%e3%82%b0-3%e3%83%b6%e6%9c%88-%e5%8a%b9%e6%9e%9c-%e4%bd%93%e9%a8%93%e8%ab%87%e3%80%8d%e3%81%ab%e4%b8%a6%e3%81%b6toeic155%e7%82%b9/,15万円を払って、返さなきゃいけないスコアを借りる取引を、私はしたくない。,クレジットカード・銀行の明細,
個人_支出,1円,円,,,18,留学エージェントのおすすめを18社比較し続ける限り、あなたは一生出発しない,https://sakura-eigo.com/%e7%95%99%e5%ad%a6%e3%82%a8%e3%83%bc%e3%82%b8%e3%82%a7%e3%83%b3%e3%83%88%e3%81%ae%e3%81%8a%e3%81%99%e3%81%99%e3%82%81%e3%82%9218%e7%a4%be%e6%af%94%e8%bc%83%e3%81%97%e7%b6%9a%e3%81%91%e3%82%8b%e9%99%90/,でも冷静に考えれば、社員に給料を払っている会社が、私から1円も取らずにビザの相談に何時間も付き合う理由がどこにあるのか。,クレジットカード・銀行の明細,
個人_支出,25万円,円,,,64,卒業後も残る締め切りが、月謝25万円より先に必要だった,https://sakura-eigo.com/%e3%80%8c%e8%8b%b1%e8%aa%9e%e3%82%b3%e3%83%bc%e3%83%81%e3%83%b3%e3%82%b0-%e6%8c%ab%e6%8a%98-%e3%81%97%e3%81%aa%e3%81%84-%e6%96%b9%e6%b3%95%e3%80%8d%e3%81%a7%e4%b8%a6%e3%81%b6%e7%9b%ae%e6%a8%99/,だから月謝25万円のコーチング資料を、私はもう1度閉じた。,クレジットカード・銀行の明細,
個人_支出,4万円,円,,,18,留学エージェントのおすすめを18社比較し続ける限り、あなたは一生出発しない,https://sakura-eigo.com/%e7%95%99%e5%ad%a6%e3%82%a8%e3%83%bc%e3%82%b8%e3%82%a7%e3%83%b3%e3%83%88%e3%81%ae%e3%81%8a%e3%81%99%e3%81%99%e3%82%81%e3%82%9218%e7%a4%be%e6%af%94%e8%bc%83%e3%81%97%e7%b6%9a%e3%81%91%e3%82%8b%e9%99%90/,私が失っていたのは4万円の授業料だけではなかった。,クレジットカード・銀行の明細,
個人_支出,57万円,円,,,138,3ヶ月57万の英語コーチング、卒業後に何ヶ月残るか誰も教えてくれない,https://sakura-eigo.com/%e3%80%8c%e8%8b%b1%e8%aa%9e%e3%82%b3%e3%83%bc%e3%83%81%e3%83%b3%e3%82%b0-%e6%96%99%e9%87%91-%e6%af%94%e8%bc%83-2024%e3%80%8d%e3%81%a7%e4%b8%a6%e3%81%b63%e3%83%b6%e6%9c%8857%e4%b8%87%e3%83%bb%e6%9c%881/,57万円を払っても伸びにくい人の顔を先に並べて、そこに自分がいないかを確認するほうが安全だ。,クレジットカード・銀行の明細,
個人_貯金,200万,万,,,23,ワーホリの貯金はいくら必要か｜200万を自分の数字に組み替える,https://sakura-eigo.com/%e3%80%8c%e3%83%af%e3%83%bc%e3%83%9b%e3%83%aa-%e8%b2%af%e9%87%91-%e3%81%84%e3%81%8f%e3%82%89%e5%bf%85%e8%a6%81%e3%80%8d%e3%81%a7%e5%87%ba%e3%81%9f200%e4%b8%87%e3%81%ab%e6%80%af%e3%81%88%e3%81%a6/,「ワーホリ 貯金 いくら必要」で調べると、200万という数字がよく出てくる。,本人の記録（記事に書く必要があるかも要検討）,
個人_貯金,10万円,円,,,23,ワーホリの貯金はいくら必要か｜200万を自分の数字に組み替える,https://sakura-eigo.com/%e3%80%8c%e3%83%af%e3%83%bc%e3%83%9b%e3%83%aa-%e8%b2%af%e9%87%91-%e3%81%84%e3%81%8f%e3%82%89%e5%bf%85%e8%a6%81%e3%80%8d%e3%81%a7%e5%87%ba%e3%81%9f200%e4%b8%87%e3%81%ab%e6%80%af%e3%81%88%e3%81%a6/,確認項目 ：毎月いくら貯められるかを出して、目標額を10万円上げたときに出発が何ヶ月遅れるかを計算する。,本人の記録（記事に書く必要があるかも要検討）,
個人_貯金,50万円,円,,,18,留学エージェントのおすすめを18社比較し続ける限り、あなたは一生出発しない,https://sakura-eigo.com/%e7%95%99%e5%ad%a6%e3%82%a8%e3%83%bc%e3%82%b8%e3%82%a7%e3%83%b3%e3%83%88%e3%81%ae%e3%81%8a%e3%81%99%e3%81%99%e3%82%81%e3%82%9218%e7%a4%be%e6%af%94%e8%bc%83%e3%81%97%e7%b6%9a%e3%81%91%e3%82%8b%e9%99%90/,1年間、働きながら、できれば英語圏で、貯金は現時点で50万円。,本人の記録（記事に書く必要があるかも要検討）,
個人_貯金,6300円,円,,,138,3ヶ月57万の英語コーチング、卒業後に何ヶ月残るか誰も教えてくれない,https://sakura-eigo.com/%e3%80%8c%e8%8b%b1%e8%aa%9e%e3%82%b3%e3%83%bc%e3%83%81%e3%83%b3%e3%82%b0-%e6%96%99%e9%87%91-%e6%af%94%e8%bc%83-2024%e3%80%8d%e3%81%a7%e4%b8%a6%e3%81%b63%e3%83%b6%e6%9c%8857%e4%b8%87%e3%83%bb%e6%9c%881/,カフェで無料カウンセリングの資料をめくりながら、この6300円が卒業した後にどれだけ手元に残るのか、その1行だけがどこにも書いていないことに気づいた。,本人の記録（記事に書く必要があるかも要検討）,
個人_スコア,400点,点,,,149,カナダ ワーホリの費用は3つの箱で出す｜まとめ記事に載らない項目,https://sakura-eigo.com/%e3%80%8c%e3%82%ab%e3%83%8a%e3%83%80-%e3%83%af%e3%83%bc%e3%83%9b%e3%83%aa-%e8%b2%bb%e7%94%a8-2024%e3%80%8d%e3%81%a7%e4%b8%a6%e3%81%b6150%e4%b8%87%e3%83%bb250%e4%b8%87%e3%81%ae%e8%a6%8b%e7%a9%8d/,渡航前の英語をどこまで用意するかは TOEIC400点台でワーホリに行く前に確認する3つのこと が近い。,TOEIC公式マイページのスコアと受験日,
個人_スコア,500点,点,,,310,無料・低価格の英語アプリで足りる人と、足りない人の分かれ目,https://sakura-eigo.com/cheap-english-learning-apps-free/,500点台なら TOEIC500点から上げる勉強法の確認項目 のほうが近い。,TOEIC公式マイページのスコアと受験日,
個人_スコア,500点,点,,,278,英語コーチングに払う前に確認する3つのこと｜卒業後に何が残るか,https://sakura-eigo.com/english-coaching-after-graduation/,500点台でコーチングを検討しているなら TOEIC500点から上げる勉強法の確認項目 に判断の順番を、600点前後で止まっているなら TOEIC 600点で止まっているときに確認する4つのこと に切り分けの手順をまとめている。,TOEIC公式マイページのスコアと受験日,
個人_スコア,500点,点,,,32,TOEIC500点から上げる勉強法｜最初に確認したい4つのこと,https://sakura-eigo.com/%e3%80%8ctoeic-500%e7%82%b9-%e3%81%8b%e3%82%89-%e4%b8%8a%e3%81%92%e3%82%8b-%e6%96%b9%e6%b3%95%e3%80%8d%e3%81%a7%e5%87%ba%e3%82%8b%e5%8f%82%e8%80%83%e6%9b%b8%e3%81%a8200%e6%99%82%e9%96%93%e3%82%92/,「TOEIC 500点から上げる方法」で調べると、やることのリストが10個くらい並んだ記事が出てくる。,TOEIC公式マイページのスコアと受験日,
個人_スコア,600点,点,,,521,TOEICリスニングが止まっているとき、聞き流しを続ける前に確認する3つのこと,https://sakura-eigo.com/toeic-listening-325-to-improvement/,リーディング側も止まっているなら、 TOEIC 600点で止まっているときに確認する4つのこと で両方の内訳を並べる手順を扱っている。,TOEIC公式マイページのスコアと受験日,
個人_スコア,600点,点,,,282,TOEIC400点台でワーホリに行く前に、点数の外側で確認する3つのこと,https://sakura-eigo.com/working-holiday-english-anxiety/,スコアそのものを動かしたい場合は、 TOEIC 600点で止まっているときに確認する4つのこと に内訳の分け方を書いている。,TOEIC公式マイページのスコアと受験日,
個人_スコア,600点,点,,,310,無料・低価格の英語アプリで足りる人と、足りない人の分かれ目,https://sakura-eigo.com/cheap-english-learning-apps-free/,スコアが止まっている場合は、 TOEIC 600点で止まっているときに確認する4つのこと で内訳の分け方から確かめられる。,TOEIC公式マイページのスコアと受験日,
個人_スコア,600点,点,,,304,TOEIC 600点で止まっているとき、勉強法を変える前に確認する4つのこと,https://sakura-eigo.com/toeic-600-plateau-breakthrough-study/,TOEICで600点前後から動かなくなることがある。,TOEIC公式マイページのスコアと受験日,
個人_スコア,600点,点,,,305,TOEIC600点より先に、初日の薬局で症状を伝えられるか確かめる,https://sakura-eigo.com/working-holiday-english-level-needed/,TOEIC600点を目安に、という上位記事のアドバイスを、私はもう気にしていない。,TOEIC公式マイページのスコアと受験日,
個人_スコア,600点,点,,,305,TOEIC600点より先に、初日の薬局で症状を伝えられるか確かめる,https://sakura-eigo.com/working-holiday-english-level-needed/,600点あっても薬局で頭痛薬を頼めなければ、私の初日は詰む。,TOEIC公式マイページのスコアと受験日,
個人_スコア,600点,点,,,278,英語コーチングに払う前に確認する3つのこと｜卒業後に何が残るか,https://sakura-eigo.com/english-coaching-after-graduation/,500点台でコーチングを検討しているなら TOEIC500点から上げる勉強法の確認項目 に判断の順番を、600点前後で止まっているなら TOEIC 600点で止まっているときに確認する4つのこと に切り分けの手順をまとめている。,TOEIC公式マイページのスコアと受験日,
個人_スコア,600点,点,,,61,同期の年収が60万円上がった理由を、私はモチベで探していた,https://sakura-eigo.com/%e3%80%8c%e8%8b%b1%e8%aa%9e-%e5%8b%89%e5%bc%b7-%e3%83%a2%e3%83%81%e3%83%99-%e4%b8%8a%e3%81%92%e3%82%8b-%e6%96%b9%e6%b3%95%e3%80%8d%e3%81%a7%e4%b8%a6%e3%81%b6%e7%9b%ae%e6%a8%99%e8%a8%ad%e5%ae%9a/,彼女は貿易部門への異動募集が出たとき、応募条件にTOEIC600点と書かれているのを見て、締め切りまでの3ヶ月で受けにいっただけだった。,TOEIC公式マイページのスコアと受験日,
個人_スコア,600点,点,,,61,同期の年収が60万円上がった理由を、私はモチベで探していた,https://sakura-eigo.com/%e3%80%8c%e8%8b%b1%e8%aa%9e-%e5%8b%89%e5%bc%b7-%e3%83%a2%e3%83%81%e3%83%99-%e4%b8%8a%e3%81%92%e3%82%8b-%e6%96%b9%e6%b3%95%e3%80%8d%e3%81%a7%e4%b8%a6%e3%81%b6%e7%9b%ae%e6%a8%99%e8%a8%ad%e5%ae%9a/,600点は英語が得意な人の点数ではない。,TOEIC公式マイページのスコアと受験日,
個人_スコア,600点,点,,,61,同期の年収が60万円上がった理由を、私はモチベで探していた,https://sakura-eigo.com/%e3%80%8c%e8%8b%b1%e8%aa%9e-%e5%8b%89%e5%bc%b7-%e3%83%a2%e3%83%81%e3%83%99-%e4%b8%8a%e3%81%92%e3%82%8b-%e6%96%b9%e6%b3%95%e3%80%8d%e3%81%a7%e4%b8%a6%e3%81%b6%e7%9b%ae%e6%a8%99%e8%a8%ad%e5%ae%9a/,3ヶ月後に応募締め切りが来る、その日までに600点がないと応募すらできない、という外側の事情だった。,TOEIC公式マイページのスコアと受験日,
個人_スコア,600点,点,,,61,同期の年収が60万円上がった理由を、私はモチベで探していた,https://sakura-eigo.com/%e3%80%8c%e8%8b%b1%e8%aa%9e-%e5%8b%89%e5%bc%b7-%e3%83%a2%e3%83%81%e3%83%99-%e4%b8%8a%e3%81%92%e3%82%8b-%e6%96%b9%e6%b3%95%e3%80%8d%e3%81%a7%e4%b8%a6%e3%81%b6%e7%9b%ae%e6%a8%99%e8%a8%ad%e5%ae%9a/,私は同期にならって、貿易系の求人が求めるTOEIC600点を3ヶ月後の受験日に設定した。,TOEIC公式マイページのスコアと受験日,
個人_スコア,600点,点,,,61,同期の年収が60万円上がった理由を、私はモチベで探していた,https://sakura-eigo.com/%e3%80%8c%e8%8b%b1%e8%aa%9e-%e5%8b%89%e5%bc%b7-%e3%83%a2%e3%83%81%e3%83%99-%e4%b8%8a%e3%81%92%e3%82%8b-%e6%96%b9%e6%b3%95%e3%80%8d%e3%81%a7%e4%b8%a6%e3%81%b6%e7%9b%ae%e6%a8%99%e8%a8%ad%e5%ae%9a/,3ヶ月で600点なら、今週やることが決まる。,TOEIC公式マイページのスコアと受験日,
個人_スコア,600点,点,,,18,留学エージェントのおすすめを18社比較し続ける限り、あなたは一生出発しない,https://sakura-eigo.com/%e7%95%99%e5%ad%a6%e3%82%a8%e3%83%bc%e3%82%b8%e3%82%a7%e3%83%b3%e3%83%88%e3%81%ae%e3%81%8a%e3%81%99%e3%81%99%e3%82%81%e3%82%9218%e7%a4%be%e6%af%94%e8%bc%83%e3%81%97%e7%b6%9a%e3%81%91%e3%82%8b%e9%99%90/,TOEICが600点を超えたら、日常会話が詰まらなくなったら、そうしたら申請しよう、と。,TOEIC公式マイページのスコアと受験日,
個人_スコア,600点,点,,,32,TOEIC500点から上げる勉強法｜最初に確認したい4つのこと,https://sakura-eigo.com/%e3%80%8ctoeic-500%e7%82%b9-%e3%81%8b%e3%82%89-%e4%b8%8a%e3%81%92%e3%82%8b-%e6%96%b9%e6%b3%95%e3%80%8d%e3%81%a7%e5%87%ba%e3%82%8b%e5%8f%82%e8%80%83%e6%9b%b8%e3%81%a8200%e6%99%82%e9%96%93%e3%82%92/,600点前後まで来て止まっている場合は、 TOEIC 600点で止まっているときに確認する4つのこと のほうが近い。,TOEIC公式マイページのスコアと受験日,
個人_スコア,605点,点,,,137,卒業当日の155点は、コーチが消えた4ヶ月目には残らない。15万円を払う前に見る,https://sakura-eigo.com/%e3%80%8c%e8%8b%b1%e8%aa%9e%e3%82%b3%e3%83%bc%e3%83%81%e3%83%b3%e3%82%b0-3%e3%83%b6%e6%9c%88-%e5%8a%b9%e6%9e%9c-%e4%bd%93%e9%a8%93%e8%ab%87%e3%80%8d%e3%81%ab%e4%b8%a6%e3%81%b6toeic155%e7%82%b9/,605点が出る。,TOEIC公式マイページのスコアと受験日,
個人_スコア,605点,点,,,137,卒業当日の155点は、コーチが消えた4ヶ月目には残らない。15万円を払う前に見る,https://sakura-eigo.com/%e3%80%8c%e8%8b%b1%e8%aa%9e%e3%82%b3%e3%83%bc%e3%83%81%e3%83%b3%e3%82%b0-3%e3%83%b6%e6%9c%88-%e5%8a%b9%e6%9e%9c-%e4%bd%93%e9%a8%93%e8%ab%87%e3%80%8d%e3%81%ab%e4%b8%a6%e3%81%b6toeic155%e7%82%b9/,でも、その605点を出している人の背中には、コーチの手がずっと乗っていた。,TOEIC公式マイページのスコアと受験日,
個人_スコア,605点,点,,,137,卒業当日の155点は、コーチが消えた4ヶ月目には残らない。15万円を払う前に見る,https://sakura-eigo.com/%e3%80%8c%e8%8b%b1%e8%aa%9e%e3%82%b3%e3%83%bc%e3%83%81%e3%83%b3%e3%82%b0-3%e3%83%b6%e6%9c%88-%e5%8a%b9%e6%9e%9c-%e4%bd%93%e9%a8%93%e8%ab%87%e3%80%8d%e3%81%ab%e4%b8%a6%e3%81%b6toeic155%e7%82%b9/,朝の催促も、夜の詰めも、面談での軌道修正も、全部が605点の中に溶け込んでいる。,TOEIC公式マイページのスコアと受験日,
個人_スコア,605点,点,,,137,卒業当日の155点は、コーチが消えた4ヶ月目には残らない。15万円を払う前に見る,https://sakura-eigo.com/%e3%80%8c%e8%8b%b1%e8%aa%9e%e3%82%b3%e3%83%bc%e3%83%81%e3%83%b3%e3%82%b0-3%e3%83%b6%e6%9c%88-%e5%8a%b9%e6%9e%9c-%e4%bd%93%e9%a8%93%e8%ab%87%e3%80%8d%e3%81%ab%e4%b8%a6%e3%81%b6toeic155%e7%82%b9/,コーチング体験談の605点は、その空白を全部コーチが埋めた状態の数字だ。,TOEIC公式マイページのスコアと受験日,
個人_スコア,605点,点,,,137,卒業当日の155点は、コーチが消えた4ヶ月目には残らない。15万円を払う前に見る,https://sakura-eigo.com/%e3%80%8c%e8%8b%b1%e8%aa%9e%e3%82%b3%e3%83%bc%e3%83%81%e3%83%b3%e3%82%b0-3%e3%83%b6%e6%9c%88-%e5%8a%b9%e6%9e%9c-%e4%bd%93%e9%a8%93%e8%ab%87%e3%80%8d%e3%81%ab%e4%b8%a6%e3%81%b6toeic155%e7%82%b9/,でも、605点を支えていた朝の催促も夜の詰めも面談も、全部コーチが担っていた。,TOEIC公式マイページのスコアと受験日,
個人_スコア,605点,点,,,137,卒業当日の155点は、コーチが消えた4ヶ月目には残らない。15万円を払う前に見る,https://sakura-eigo.com/%e3%80%8c%e8%8b%b1%e8%aa%9e%e3%82%b3%e3%83%bc%e3%83%81%e3%83%b3%e3%82%b0-3%e3%83%b6%e6%9c%88-%e5%8a%b9%e6%9e%9c-%e4%bd%93%e9%a8%93%e8%ab%87%e3%80%8d%e3%81%ab%e4%b8%a6%e3%81%b6toeic155%e7%82%b9/,逆にこの3つを一度も自分の手で回さないまま卒業すると、605点はコーチから3ヶ月だけ借りたスコアになる。,TOEIC公式マイページのスコアと受験日,
個人_スコア,700点,点,,,61,同期の年収が60万円上がった理由を、私はモチベで探していた,https://sakura-eigo.com/%e3%80%8c%e8%8b%b1%e8%aa%9e-%e5%8b%89%e5%bc%b7-%e3%83%a2%e3%83%81%e3%83%99-%e4%b8%8a%e3%81%92%e3%82%8b-%e6%96%b9%e6%b3%95%e3%80%8d%e3%81%a7%e4%b8%a6%e3%81%b6%e7%9b%ae%e6%a8%99%e8%a8%ad%e5%ae%9a/,自分で「年内にTOEIC700点」と決めても、達成できなくても誰も困らない。,TOEIC公式マイページのスコアと受験日,
個人_スコア,800点,点,,,27,2000時間の表が教えてくれない、27歳の分母が毎日減る理由,https://sakura-eigo.com/%e3%80%8c%e8%8b%b1%e8%aa%9e-%e3%83%9a%e3%83%a9%e3%83%9a%e3%83%a9-%e3%81%ab%e3%81%aa%e3%82%8b-%e6%9c%9f%e9%96%93%e3%80%8d%e3%81%a7%e5%87%ba%e3%82%8b2000%e6%99%82%e9%96%93%e3%83%bb2%e5%b9%b4/,会社に、TOEIC800点台なのに海外出張で一言も話せなかった先輩がいる。,TOEIC公式マイページのスコアと受験日,
スコアの増減,120点,点,,,235,帰国後も動き続ける仕組みを、セブ1ヶ月で作れるか、27歳の私が記事に見つけられな,https://sakura-eigo.com/%e3%80%8c%e3%82%bb%e3%83%96%e5%b3%b6%e7%95%99%e5%ad%a6-1%e3%83%b6%e6%9c%88-%e4%bd%93%e9%a8%93%e3%80%8d%e3%81%a7%e4%b8%a6%e3%81%b6%e8%b2%bb%e7%94%a8%e3%83%bb%e3%82%b9%e3%82%b1%e3%82%b8%e3%83%a5/,ある体験談に、TOEICが2ヶ月で120点上がった、と書いてあった。,TOEIC公式マイページの受験履歴,
スコアの増減,135点,点,,,64,卒業後も残る締め切りが、月謝25万円より先に必要だった,https://sakura-eigo.com/%e3%80%8c%e8%8b%b1%e8%aa%9e%e3%82%b3%e3%83%bc%e3%83%81%e3%83%b3%e3%82%b0-%e6%8c%ab%e6%8a%98-%e3%81%97%e3%81%aa%e3%81%84-%e6%96%b9%e6%b3%95%e3%80%8d%e3%81%a7%e4%b8%a6%e3%81%b6%e7%9b%ae%e6%a8%99/,TOEICのスコアも受講前より135点上がった。,TOEIC公式マイページの受験履歴,
スコアの増減,155点,点,,,137,卒業当日の155点は、コーチが消えた4ヶ月目には残らない。15万円を払う前に見る,https://sakura-eigo.com/%e3%80%8c%e8%8b%b1%e8%aa%9e%e3%82%b3%e3%83%bc%e3%83%81%e3%83%b3%e3%82%b0-3%e3%83%b6%e6%9c%88-%e5%8a%b9%e6%9e%9c-%e4%bd%93%e9%a8%93%e8%ab%87%e3%80%8d%e3%81%ab%e4%b8%a6%e3%81%b6toeic155%e7%82%b9/,どれも似た書き出しで、3ヶ月でTOEICが155点上がったとか、リスニングの正解率が6割から9割になったとか、まぶしい数字が並ぶ。,TOEIC公式マイページの受験履歴,
スコアの増減,1点,点,,,19,「英語 独学 社会人 方法」を10個集めても話せない人が、本当に欠いている1つの,https://sakura-eigo.com/%e3%80%8c%e8%8b%b1%e8%aa%9e-%e7%8b%ac%e5%ad%a6-%e7%a4%be%e4%bc%9a%e4%ba%ba-%e6%96%b9%e6%b3%95%e3%80%8d%e3%82%9210%e5%80%8b%e9%9b%86%e3%82%81%e3%81%a6%e3%82%82%e8%a9%b1%e3%81%9b%e3%81%aa%e3%81%84/,TOEICの模試を受けたら、スコアは1点も動いていなかった。,TOEIC公式マイページの受験履歴,
スコアの増減,80点,点,,,67,帰国後の床がないまま、5校を比べた2ヶ月を捨てた,https://sakura-eigo.com/%e3%80%8c%e3%83%95%e3%82%a3%e3%83%aa%e3%83%94%e3%83%b3%e7%95%99%e5%ad%a6-%e7%a4%be%e4%bc%9a%e4%ba%ba-%e3%81%8a%e3%81%99%e3%81%99%e3%82%81%e3%80%8d%e3%81%a7%e4%b8%a6%e3%81%b6%e5%ae%89%e3%81%84/,「3週間でTOEICが80点上がった」という報告はいくつもあった。,TOEIC公式マイページの受験履歴,
個人_支出の可能性,15万円,円,,,137,卒業当日の155点は、コーチが消えた4ヶ月目には残らない。15万円を払う前に見る,https://sakura-eigo.com/%e3%80%8c%e8%8b%b1%e8%aa%9e%e3%82%b3%e3%83%bc%e3%83%81%e3%83%b3%e3%82%b0-3%e3%83%b6%e6%9c%88-%e5%8a%b9%e6%9e%9c-%e4%bd%93%e9%a8%93%e8%ab%87%e3%80%8d%e3%81%ab%e4%b8%a6%e3%81%b6toeic155%e7%82%b9/,財布には15万円を払う覚悟がじわじわ溜まっていく。,主語を確かめたうえで明細,
個人_支出の可能性,15万円,円,,,137,卒業当日の155点は、コーチが消えた4ヶ月目には残らない。15万円を払う前に見る,https://sakura-eigo.com/%e3%80%8c%e8%8b%b1%e8%aa%9e%e3%82%b3%e3%83%bc%e3%83%81%e3%83%b3%e3%82%b0-3%e3%83%b6%e6%9c%88-%e5%8a%b9%e6%9e%9c-%e4%bd%93%e9%a8%93%e8%ab%87%e3%80%8d%e3%81%ab%e4%b8%a6%e3%81%b6toeic155%e7%82%b9/,それを知らないまま15万円を払うから、また溶かすのが怖い。,主語を確かめたうえで明細,
個人_支出の可能性,15万円,円,,,137,卒業当日の155点は、コーチが消えた4ヶ月目には残らない。15万円を払う前に見る,https://sakura-eigo.com/%e3%80%8c%e8%8b%b1%e8%aa%9e%e3%82%b3%e3%83%bc%e3%83%81%e3%83%b3%e3%82%b0-3%e3%83%b6%e6%9c%88-%e5%8a%b9%e6%9e%9c-%e4%bd%93%e9%a8%93%e8%ab%87%e3%80%8d%e3%81%ab%e4%b8%a6%e3%81%b6toeic155%e7%82%b9/,15万円を払う前に、今日置くべき最初の一手,主語を確かめたうえで明細,
個人_支出の可能性,25万円,円,,,64,卒業後も残る締め切りが、月謝25万円より先に必要だった,https://sakura-eigo.com/%e3%80%8c%e8%8b%b1%e8%aa%9e%e3%82%b3%e3%83%bc%e3%83%81%e3%83%b3%e3%82%b0-%e6%8c%ab%e6%8a%98-%e3%81%97%e3%81%aa%e3%81%84-%e6%96%b9%e6%b3%95%e3%80%8d%e3%81%a7%e4%b8%a6%e3%81%b6%e7%9b%ae%e6%a8%99/,25万円を払ってから気づくより、はるかに安く確かめられる。,主語を確かめたうえで明細,
個人_支出の可能性,57万円,円,,,138,3ヶ月57万の英語コーチング、卒業後に何ヶ月残るか誰も教えてくれない,https://sakura-eigo.com/%e3%80%8c%e8%8b%b1%e8%aa%9e%e3%82%b3%e3%83%bc%e3%83%81%e3%83%b3%e3%82%b0-%e6%96%99%e9%87%91-%e6%af%94%e8%bc%83-2024%e3%80%8d%e3%81%a7%e4%b8%a6%e3%81%b63%e3%83%b6%e6%9c%8857%e4%b8%87%e3%83%bb%e6%9c%881/,57万円を、テクニックへの支払いではなく、体に習慣を移植する外科手術の費用だと考えていた。,主語を確かめたうえで明細,
個人_支出の可能性,57万円,円,,,138,3ヶ月57万の英語コーチング、卒業後に何ヶ月残るか誰も教えてくれない,https://sakura-eigo.com/%e3%80%8c%e8%8b%b1%e8%aa%9e%e3%82%b3%e3%83%bc%e3%83%81%e3%83%b3%e3%82%b0-%e6%96%99%e9%87%91-%e6%af%94%e8%bc%83-2024%e3%80%8d%e3%81%a7%e4%b8%a6%e3%81%b63%e3%83%b6%e6%9c%8857%e4%b8%87%e3%83%bb%e6%9c%881/,57万円を払う前に、今日置ける最初の一手,主語を確かめたうえで明細,
個人_期間回数,3ヶ月,ヶ月,,,28,「英会話 上達 しない 理由」で出る8個のリストを全部潰しても話せない、その全部,https://sakura-eigo.com/%e3%80%8c%e8%8b%b1%e4%bc%9a%e8%a9%b1-%e4%b8%8a%e9%81%94-%e3%81%97%e3%81%aa%e3%81%84-%e7%90%86%e7%94%b1%e3%80%8d%e3%81%a7%e5%87%ba%e3%82%8b8%e5%80%8b%e3%81%ae%e3%83%aa%e3%82%b9%e3%83%88%e3%82%92/,褒めてくれるだけの講師のレッスンを、私は3ヶ月続けたことがある。,本人の記憶・記録,
個人_期間回数,20分,分,,,235,帰国後も動き続ける仕組みを、セブ1ヶ月で作れるか、27歳の私が記事に見つけられな,https://sakura-eigo.com/%e3%80%8c%e3%82%bb%e3%83%96%e5%b3%b6%e7%95%99%e5%ad%a6-1%e3%83%b6%e6%9c%88-%e4%bd%93%e9%a8%93%e3%80%8d%e3%81%a7%e4%b8%a6%e3%81%b6%e8%b2%bb%e7%94%a8%e3%83%bb%e3%82%b9%e3%82%b1%e3%82%b8%e3%83%a5/,私はオンライン英会話を使うことにして、朝7時20分に予約を固定した。,本人の記憶・記録,
個人_期間回数,6回,回,,,27,2000時間の表が教えてくれない、27歳の分母が毎日減る理由,https://sakura-eigo.com/%e3%80%8c%e8%8b%b1%e8%aa%9e-%e3%83%9a%e3%83%a9%e3%83%9a%e3%83%a9-%e3%81%ab%e3%81%aa%e3%82%8b-%e6%9c%9f%e9%96%93%e3%80%8d%e3%81%a7%e5%87%ba%e3%82%8b2000%e6%99%82%e9%96%93%e3%83%bb2%e5%b9%b4/,私はこの5年で、英語学習を少なくとも6回始めている。,本人の記憶・記録,
個人_期間回数,5年,年,,,27,2000時間の表が教えてくれない、27歳の分母が毎日減る理由,https://sakura-eigo.com/%e3%80%8c%e8%8b%b1%e8%aa%9e-%e3%83%9a%e3%83%a9%e3%83%9a%e3%83%a9-%e3%81%ab%e3%81%aa%e3%82%8b-%e6%9c%9f%e9%96%93%e3%80%8d%e3%81%a7%e5%87%ba%e3%82%8b2000%e6%99%82%e9%96%93%e3%83%bb2%e5%b9%b4/,私はこの5年で、英語学習を少なくとも6回始めている。,本人の記憶・記録,
個人_期間回数,5年間,年間,,,305,TOEIC600点より先に、初日の薬局で症状を伝えられるか確かめる,https://sakura-eigo.com/working-holiday-english-level-needed/,5年間ずっと英語を後回しにしてきて、勧められると断れずに流されて、気づけば27歳になっている自分が、70万を払った先で本当に口を動かすようになるのか、それだけだった。,本人の記憶・記録,
個人_期間回数,3日,日,,,273,25分のレッスンで私が話した英語は数十秒、続かない理由はそこにあった,https://sakura-eigo.com/online-english-conversation-speaking-time/,私は単語帳を数ページで止めたし、発音矯正のアプリを3日で閉じたし、無料体験だけ試して有料に進まなかった前科がいくつもある。,本人の記憶・記録,
個人_期間回数,3日,日,,,150,「続けるコツ」に書かれない90日の採点者が、私が英語で失敗した本当の理由だった,https://sakura-eigo.com/%e3%80%8c%e8%8b%b1%e8%aa%9e-%e5%8b%89%e5%bc%b7%e6%b3%95-30%e4%bb%a3-%e3%81%8b%e3%82%89%e3%80%8d%e3%81%a7%e4%b8%a6%e3%81%b6%e4%b8%ad%e5%ad%a6%e6%96%87%e6%b3%95%e3%82%84%e3%82%8a%e7%9b%b4/,数字で言うと、私が独学で単語アプリを続けたときの最長記録は3日だった。,本人の記憶・記録,
個人_期間回数,7日,日,,,151,「意味ない」を5回検索する前に、私が問うべき1つのこと,https://sakura-eigo.com/%e3%80%8c%e8%8b%b1%e8%aa%9e%e3%82%b3%e3%83%bc%e3%83%81%e3%83%b3%e3%82%b0-%e6%84%8f%e5%91%b3%e3%81%aa%e3%81%84%e3%80%8d%e3%81%a7%e4%b8%a6%e3%81%b6%e9%ab%98%e3%81%84%e3%83%bb%e7%b5%90%e5%b1%80/,この2つを7日ずつ回したとき、私は生まれて初めて、英語の勉強を14日間止めなかった。,本人の記憶・記録,
個人_期間回数,14日間,日間,,,151,「意味ない」を5回検索する前に、私が問うべき1つのこと,https://sakura-eigo.com/%e3%80%8c%e8%8b%b1%e8%aa%9e%e3%82%b3%e3%83%bc%e3%83%81%e3%83%b3%e3%82%b0-%e6%84%8f%e5%91%b3%e3%81%aa%e3%81%84%e3%80%8d%e3%81%a7%e4%b8%a6%e3%81%b6%e9%ab%98%e3%81%84%e3%83%bb%e7%b5%90%e5%b1%80/,この2つを7日ずつ回したとき、私は生まれて初めて、英語の勉強を14日間止めなかった。,本人の記憶・記録,
個人_期間回数,7日間,日間,speek・スパトレ,,151,「意味ない」を5回検索する前に、私が問うべき1つのこと,https://sakura-eigo.com/%e3%80%8c%e8%8b%b1%e8%aa%9e%e3%82%b3%e3%83%bc%e3%83%81%e3%83%b3%e3%82%b0-%e6%84%8f%e5%91%b3%e3%81%aa%e3%81%84%e3%80%8d%e3%81%a7%e4%b8%a6%e3%81%b6%e9%ab%98%e3%81%84%e3%83%bb%e7%b5%90%e5%b1%80/,speekで自分の発音の現在地を数字にして、スパトレの7日間で締め切りに背中を押されるかを試す。,本人の記憶・記録,
個人_期間回数,1時間,時間,,,305,TOEIC600点より先に、初日の薬局で症状を伝えられるか確かめる,https://sakura-eigo.com/working-holiday-english-level-needed/,夜は日本人と過ごすと決めるかわりに、日中の授業とその前後1時間だけは英語しか使わないと自分でルールを引く。,本人の記憶・記録,
個人_期間回数,27歳,歳,,,305,TOEIC600点より先に、初日の薬局で症状を伝えられるか確かめる,https://sakura-eigo.com/working-holiday-english-level-needed/,5年間ずっと英語を後回しにしてきて、勧められると断れずに流されて、気づけば27歳になっている自分が、70万を払った先で本当に口を動かすようになるのか、それだけだった。,本人の記憶・記録,
個人_期間回数,1週間,週間,,,117,1000時間の目盛りより、2時間目が来るかどうかで決まる27歳の私,https://sakura-eigo.com/%e3%80%8c%e8%8b%b1%e8%aa%9e-%e3%82%bc%e3%83%ad%e3%81%8b%e3%82%89-%e7%a4%be%e4%bc%9a%e4%ba%ba-%e3%81%a9%e3%81%ae%e3%81%8f%e3%82%89%e3%81%84%e3%80%8d%e3%81%ab%e4%b8%a6%e3%81%b61000%e6%99%82%e9%96%93/,営業事務の私が、たった1週間だけ英語を止めなかったときに何が起きていたか,本人の記憶・記録,
公式_料金,0円,円,ネイティブキャンプ留学・ネイティブキャンプ,yes,526,「現地が一番早い」を費用と時間で確かめる｜1時間あたりで並べる,https://sakura-eigo.com/fast-verify-cost-time-travel/,公式情報 ：ネイティブキャンプ留学は、仲介手数料0円・最低価格保証を掲げていて、渡航前のオンライン英会話が無料で使える（ ネイティブキャンプ留学 公式 ・2026年8月8日時点）。,公式サイト＋基準日,
公式_料金,0円,円,留学情報館,yes,272,フィリピン留学の費用を社会人が計算する方法｜表に載らない2つの箱,https://sakura-eigo.com/philippines-study-abroad-adult-costs/,公式情報 ：留学情報館は手数料0円を掲げる留学エージェントで、無料カウンセリングの窓口がある（ 留学情報館 公式 ・2026年8月8日時点）。,公式サイト＋基準日,
公式_料金,"6,000円",円,スパトレ,yes,292,27歳、3日で閉じてきた独学を続ける前に確認すべき3つの数字,https://sakura-eigo.com/english-self-study-procrastination-30s/,"オンライン英会話のスパトレは、25分のレッスンを毎日入れられて、料金も月6,000円弱（2026年8月6日時点）と続けやすい水準だった。",公式サイト＋基準日,
費用の相場,100万,万,,,294,何十回も閉じた留学サイト、30歳まであと3年で決まらない仕組み,https://sakura-eigo.com/study-abroad-decision-deadline/,100万かかるのか200万かかるのか、比較サイトの数字は幅がありすぎて、いつも不安のまま閉じていた。,出典（エージェント・公的機関の公表値）＋確認日,
費用の相場,12万,万,,,305,TOEIC600点より先に、初日の薬局で症状を伝えられるか確かめる,https://sakura-eigo.com/working-holiday-english-level-needed/,3週間の学費と寮費で12万前後、航空券と保険を足しても20万を切る。,出典（エージェント・公的機関の公表値）＋確認日,
費用の相場,150万,万,,,238,5年後回しの27歳が見落とす「ビザは間に合う」の落とし穴,https://sakura-eigo.com/%e3%80%8c%e3%83%af%e3%83%bc%e3%83%9b%e3%83%aa-30%e6%ad%b3-%e9%96%93%e3%81%ab%e5%90%88%e3%81%86%e3%81%8b%e3%80%8d%e3%81%a7%e4%b8%a6%e3%81%b6%e3%82%ae%e3%83%aa%e3%83%9b%e3%83%aa%e3%83%bb%e5%9b%bd/,費用は150万から250万が目安で、年齢で浮くこともない、帰国後のキャリアにもつながる。,出典（エージェント・公的機関の公表値）＋確認日,
費用の相場,150万,万,,,149,カナダ ワーホリの費用は3つの箱で出す｜まとめ記事に載らない項目,https://sakura-eigo.com/%e3%80%8c%e3%82%ab%e3%83%8a%e3%83%80-%e3%83%af%e3%83%bc%e3%83%9b%e3%83%aa-%e8%b2%bb%e7%94%a8-2024%e3%80%8d%e3%81%a7%e4%b8%a6%e3%81%b6150%e4%b8%87%e3%83%bb250%e4%b8%87%e3%81%ae%e8%a6%8b%e7%a9%8d/,「カナダ ワーホリ 費用」で調べると、150万や200万という総額が並ぶ。,出典（エージェント・公的機関の公表値）＋確認日,
費用の相場,18万,万,,,305,TOEIC600点より先に、初日の薬局で症状を伝えられるか確かめる,https://sakura-eigo.com/working-holiday-english-level-needed/,セブの学校で1ヶ月およそ18万から23万、そこに往復の航空券が4万前後、海外保険が1ヶ月1万5千ほど。,出典（エージェント・公的機関の公表値）＋確認日,
費用の相場,1万,万,,,305,TOEIC600点より先に、初日の薬局で症状を伝えられるか確かめる,https://sakura-eigo.com/working-holiday-english-level-needed/,セブの学校で1ヶ月およそ18万から23万、そこに往復の航空券が4万前後、海外保険が1ヶ月1万5千ほど。,出典（エージェント・公的機関の公表値）＋確認日,
費用の相場,200万,万,,,294,何十回も閉じた留学サイト、30歳まであと3年で決まらない仕組み,https://sakura-eigo.com/study-abroad-decision-deadline/,100万かかるのか200万かかるのか、比較サイトの数字は幅がありすぎて、いつも不安のまま閉じていた。,出典（エージェント・公的機関の公表値）＋確認日,
費用の相場,200万,万,,,149,カナダ ワーホリの費用は3つの箱で出す｜まとめ記事に載らない項目,https://sakura-eigo.com/%e3%80%8c%e3%82%ab%e3%83%8a%e3%83%80-%e3%83%af%e3%83%bc%e3%83%9b%e3%83%aa-%e8%b2%bb%e7%94%a8-2024%e3%80%8d%e3%81%a7%e4%b8%a6%e3%81%b6150%e4%b8%87%e3%83%bb250%e4%b8%87%e3%81%ae%e8%a6%8b%e7%a9%8d/,「カナダ ワーホリ 費用」で調べると、150万や200万という総額が並ぶ。,出典（エージェント・公的機関の公表値）＋確認日,
費用の相場,200万,万,,,23,ワーホリの貯金はいくら必要か｜200万を自分の数字に組み替える,https://sakura-eigo.com/%e3%80%8c%e3%83%af%e3%83%bc%e3%83%9b%e3%83%aa-%e8%b2%af%e9%87%91-%e3%81%84%e3%81%8f%e3%82%89%e5%bf%85%e8%a6%81%e3%80%8d%e3%81%a7%e5%87%ba%e3%81%9f200%e4%b8%87%e3%81%ab%e6%80%af%e3%81%88%e3%81%a6/,まとめ記事の200万が何を指しているか,出典（エージェント・公的機関の公表値）＋確認日,
費用の相場,20万,万,,,305,TOEIC600点より先に、初日の薬局で症状を伝えられるか確かめる,https://sakura-eigo.com/working-holiday-english-level-needed/,3週間の学費と寮費で12万前後、航空券と保険を足しても20万を切る。,出典（エージェント・公的機関の公表値）＋確認日,
費用の相場,23万,万,,,305,TOEIC600点より先に、初日の薬局で症状を伝えられるか確かめる,https://sakura-eigo.com/working-holiday-english-level-needed/,セブの学校で1ヶ月およそ18万から23万、そこに往復の航空券が4万前後、海外保険が1ヶ月1万5千ほど。,出典（エージェント・公的機関の公表値）＋確認日,
費用の相場,250万,万,,,238,5年後回しの27歳が見落とす「ビザは間に合う」の落とし穴,https://sakura-eigo.com/%e3%80%8c%e3%83%af%e3%83%bc%e3%83%9b%e3%83%aa-30%e6%ad%b3-%e9%96%93%e3%81%ab%e5%90%88%e3%81%86%e3%81%8b%e3%80%8d%e3%81%a7%e4%b8%a6%e3%81%b6%e3%82%ae%e3%83%aa%e3%83%9b%e3%83%aa%e3%83%bb%e5%9b%bd/,費用は150万から250万が目安で、年齢で浮くこともない、帰国後のキャリアにもつながる。,出典（エージェント・公的機関の公表値）＋確認日,
費用の相場,36万,万,,,289,5年後回しにした英語が、30歳のワーホリ申請期限を奪っていく,https://sakura-eigo.com/overseas-move-30s-not-late/,今は月に3万ずつでも積み立てれば、1年で36万になる計算が頭に浮かぶ。,出典（エージェント・公的機関の公表値）＋確認日,
費用の相場,3万,万,,,289,5年後回しにした英語が、30歳のワーホリ申請期限を奪っていく,https://sakura-eigo.com/overseas-move-30s-not-late/,今は月に3万ずつでも積み立てれば、1年で36万になる計算が頭に浮かぶ。,出典（エージェント・公的機関の公表値）＋確認日,
費用の相場,3万,万,,,289,5年後回しにした英語が、30歳のワーホリ申請期限を奪っていく,https://sakura-eigo.com/overseas-move-30s-not-late/,資金力があっても、口座に3万も入っていなければただの可能性だ。,出典（エージェント・公的機関の公表値）＋確認日,
費用の相場,40万,万,,,235,帰国後も動き続ける仕組みを、セブ1ヶ月で作れるか、27歳の私が記事に見つけられな,https://sakura-eigo.com/%e3%80%8c%e3%82%bb%e3%83%96%e5%b3%b6%e7%95%99%e5%ad%a6-1%e3%83%b6%e6%9c%88-%e4%bd%93%e9%a8%93%e3%80%8d%e3%81%a7%e4%b8%a6%e3%81%b6%e8%b2%bb%e7%94%a8%e3%83%bb%e3%82%b9%e3%82%b1%e3%82%b8%e3%83%a5/,往復航空券が7万前後、現地のお小遣いが月に4万として、トータルでだいたい40万から50万の範囲に収まる。,出典（エージェント・公的機関の公表値）＋確認日,
費用の相場,40万,万,,,235,帰国後も動き続ける仕組みを、セブ1ヶ月で作れるか、27歳の私が記事に見つけられな,https://sakura-eigo.com/%e3%80%8c%e3%82%bb%e3%83%96%e5%b3%b6%e7%95%99%e5%ad%a6-1%e3%83%b6%e6%9c%88-%e4%bd%93%e9%a8%93%e3%80%8d%e3%81%a7%e4%b8%a6%e3%81%b6%e8%b2%bb%e7%94%a8%e3%83%bb%e3%82%b9%e3%82%b1%e3%82%b8%e3%83%a5/,でも、だからといって今日いきなり40万の契約書にサインするのは、また別の後回しだ。,出典（エージェント・公的機関の公表値）＋確認日,
費用の相場,4万,万,,,305,TOEIC600点より先に、初日の薬局で症状を伝えられるか確かめる,https://sakura-eigo.com/working-holiday-english-level-needed/,セブの学校で1ヶ月およそ18万から23万、そこに往復の航空券が4万前後、海外保険が1ヶ月1万5千ほど。,出典（エージェント・公的機関の公表値）＋確認日,
費用の相場,4万,万,,,235,帰国後も動き続ける仕組みを、セブ1ヶ月で作れるか、27歳の私が記事に見つけられな,https://sakura-eigo.com/%e3%80%8c%e3%82%bb%e3%83%96%e5%b3%b6%e7%95%99%e5%ad%a6-1%e3%83%b6%e6%9c%88-%e4%bd%93%e9%a8%93%e3%80%8d%e3%81%a7%e4%b8%a6%e3%81%b6%e8%b2%bb%e7%94%a8%e3%83%bb%e3%82%b9%e3%82%b1%e3%82%b8%e3%83%a5/,往復航空券が7万前後、現地のお小遣いが月に4万として、トータルでだいたい40万から50万の範囲に収まる。,出典（エージェント・公的機関の公表値）＋確認日,
費用の相場,4万,万,,,235,帰国後も動き続ける仕組みを、セブ1ヶ月で作れるか、27歳の私が記事に見つけられな,https://sakura-eigo.com/%e3%80%8c%e3%82%bb%e3%83%96%e5%b3%b6%e7%95%99%e5%ad%a6-1%e3%83%b6%e6%9c%88-%e4%bd%93%e9%a8%93%e3%80%8d%e3%81%a7%e4%b8%a6%e3%81%b6%e8%b2%bb%e7%94%a8%e3%83%bb%e3%82%b9%e3%82%b1%e3%82%b8%e3%83%a5/,A校の4週間で28万51000円、往復航空券7万、現地のお小遣い4万で、留学だけなら約39万51000円。,出典（エージェント・公的機関の公表値）＋確認日,
費用の相場,50万,万,,,289,5年後回しにした英語が、30歳のワーホリ申請期限を奪っていく,https://sakura-eigo.com/overseas-move-30s-not-late/,ワーホリの初期費用として、渡航費と当面の生活費で50万から80万は見ておきたい。,出典（エージェント・公的機関の公表値）＋確認日,
費用の相場,50万,万,,,235,帰国後も動き続ける仕組みを、セブ1ヶ月で作れるか、27歳の私が記事に見つけられな,https://sakura-eigo.com/%e3%80%8c%e3%82%bb%e3%83%96%e5%b3%b6%e7%95%99%e5%ad%a6-1%e3%83%b6%e6%9c%88-%e4%bd%93%e9%a8%93%e3%80%8d%e3%81%a7%e4%b8%a6%e3%81%b6%e8%b2%bb%e7%94%a8%e3%83%bb%e3%82%b9%e3%82%b1%e3%82%b8%e3%83%a5/,往復航空券が7万前後、現地のお小遣いが月に4万として、トータルでだいたい40万から50万の範囲に収まる。,出典（エージェント・公的機関の公表値）＋確認日,
費用の相場,70万,万,,,305,TOEIC600点より先に、初日の薬局で症状を伝えられるか確かめる,https://sakura-eigo.com/working-holiday-english-level-needed/,3ヶ月行けば全部で70万を超える。,出典（エージェント・公的機関の公表値）＋確認日,
費用の相場,7万,万,,,235,帰国後も動き続ける仕組みを、セブ1ヶ月で作れるか、27歳の私が記事に見つけられな,https://sakura-eigo.com/%e3%80%8c%e3%82%bb%e3%83%96%e5%b3%b6%e7%95%99%e5%ad%a6-1%e3%83%b6%e6%9c%88-%e4%bd%93%e9%a8%93%e3%80%8d%e3%81%a7%e4%b8%a6%e3%81%b6%e8%b2%bb%e7%94%a8%e3%83%bb%e3%82%b9%e3%82%b1%e3%82%b8%e3%83%a5/,往復航空券が7万前後、現地のお小遣いが月に4万として、トータルでだいたい40万から50万の範囲に収まる。,出典（エージェント・公的機関の公表値）＋確認日,
費用の相場,7万,万,,,235,帰国後も動き続ける仕組みを、セブ1ヶ月で作れるか、27歳の私が記事に見つけられな,https://sakura-eigo.com/%e3%80%8c%e3%82%bb%e3%83%96%e5%b3%b6%e7%95%99%e5%ad%a6-1%e3%83%b6%e6%9c%88-%e4%bd%93%e9%a8%93%e3%80%8d%e3%81%a7%e4%b8%a6%e3%81%b6%e8%b2%bb%e7%94%a8%e3%83%bb%e3%82%b9%e3%82%b1%e3%82%b8%e3%83%a5/,A校の4週間で28万51000円、往復航空券7万、現地のお小遣い4万で、留学だけなら約39万51000円。,出典（エージェント・公的機関の公表値）＋確認日,
費用の相場,80万,万,,,289,5年後回しにした英語が、30歳のワーホリ申請期限を奪っていく,https://sakura-eigo.com/overseas-move-30s-not-late/,ワーホリの初期費用として、渡航費と当面の生活費で50万から80万は見ておきたい。,出典（エージェント・公的機関の公表値）＋確認日,
費用の相場,0円,円,,,18,留学エージェントのおすすめを18社比較し続ける限り、あなたは一生出発しない,https://sakura-eigo.com/%e7%95%99%e5%ad%a6%e3%82%a8%e3%83%bc%e3%82%b8%e3%82%a7%e3%83%b3%e3%83%88%e3%81%ae%e3%81%8a%e3%81%99%e3%81%99%e3%82%81%e3%82%9218%e7%a4%be%e6%af%94%e8%bc%83%e3%81%97%e7%b6%9a%e3%81%91%e3%82%8b%e9%99%90/,手数料が0円の会社に赤丸をつけて、サポートが手厚いと評判の会社に星を書き込んで、満足して画面を消す。,出典（エージェント・公的機関の公表値）＋確認日,
費用の相場,"1,000円",円,,,310,無料・低価格の英語アプリで足りる人と、足りない人の分かれ目,https://sakura-eigo.com/cheap-english-learning-apps-free/,"月900円、月1,000円、無料プランあり。",出典（エージェント・公的機関の公表値）＋確認日,
費用の相場,"1,000円",円,,,310,無料・低価格の英語アプリで足りる人と、足りない人の分かれ目,https://sakura-eigo.com/cheap-english-learning-apps-free/,"無料プランや月1,000円前後のアプリでよく見かけるのは、単語と文法の入力を毎日の習慣にする形だ。",出典（エージェント・公的機関の公表値）＋確認日,
費用の相場,"1,870円",円,,,546,オンライン英会話が3日で終わっていた私が、予約をやめて続いた90日,https://sakura-eigo.com/online-english-lessons-90-days-success/,"ここで単純な割り算をしておくと、月7,480円を月20回話せば1回あたり374円、月4回しか話さなければ1回1,870円になる。",出典（エージェント・公的機関の公表値）＋確認日,
費用の相場,1000円,円,,,301,無料エージェントに勧められたまま契約する前に、30歳までの3年で自分の判断を取り,https://sakura-eigo.com/free-study-abroad-agent-bias/,数1000円から数万円の話で、事前に知っていれば身構えられる。,出典（エージェント・公的機関の公表値）＋確認日,
費用の相場,100万円,円,,,18,留学エージェントのおすすめを18社比較し続ける限り、あなたは一生出発しない,https://sakura-eigo.com/%e7%95%99%e5%ad%a6%e3%82%a8%e3%83%bc%e3%82%b8%e3%82%a7%e3%83%b3%e3%83%88%e3%81%ae%e3%81%8a%e3%81%99%e3%81%99%e3%82%81%e3%82%9218%e7%a4%be%e6%af%94%e8%bc%83%e3%81%97%e7%b6%9a%e3%81%91%e3%82%8b%e9%99%90/,30万円なのか100万円なのか、幅がありすぎて計画が立たない。,出典（エージェント・公的機関の公表値）＋確認日,
費用の相場,10万円,円,,,301,無料エージェントに勧められたまま契約する前に、30歳までの3年で自分の判断を取り,https://sakura-eigo.com/free-study-abroad-agent-bias/,その1回の「はい」が、3ヶ月とか半年の現地生活を決めて、数10万円の学費と航空券と、20代の終わりの貴重な時間を確定させる。,出典（エージェント・公的機関の公表値）＋確認日,
費用の相場,10万円,円,,,278,英語コーチングに払う前に確認する3つのこと｜卒業後に何が残るか,https://sakura-eigo.com/english-coaching-after-graduation/,英語コーチングは、月10万円を超える価格帯もある。,出典（エージェント・公的機関の公表値）＋確認日,
費用の相場,10万円,円,,,277,国内留学・英語合宿を申し込む前に｜帰宅後30日の枠を先に決める,https://sakura-eigo.com/domestic-immersion-english-continuous-learning/,国内留学や英語合宿は、数日から数週間で10万円を超えることがある。,出典（エージェント・公的機関の公表値）＋確認日,
費用の相場,10万円,円,,,149,カナダ ワーホリの費用は3つの箱で出す｜まとめ記事に載らない項目,https://sakura-eigo.com/%e3%80%8c%e3%82%ab%e3%83%8a%e3%83%80-%e3%83%af%e3%83%bc%e3%83%9b%e3%83%aa-%e8%b2%bb%e7%94%a8-2024%e3%80%8d%e3%81%a7%e4%b8%a6%e3%81%b6150%e4%b8%87%e3%83%bb250%e4%b8%87%e3%81%ae%e8%a6%8b%e7%a9%8d/,確認項目 ：目標額を10万円上げたとき、出発が何ヶ月遅れるかを計算する。,出典（エージェント・公的機関の公表値）＋確認日,
費用の相場,10万円,円,,,149,カナダ ワーホリの費用は3つの箱で出す｜まとめ記事に載らない項目,https://sakura-eigo.com/%e3%80%8c%e3%82%ab%e3%83%8a%e3%83%80-%e3%83%af%e3%83%bc%e3%83%9b%e3%83%aa-%e8%b2%bb%e7%94%a8-2024%e3%80%8d%e3%81%a7%e4%b8%a6%e3%81%b6150%e4%b8%87%e3%83%bb250%e4%b8%87%e3%81%ae%e8%a6%8b%e7%a9%8d/,目標額を10万円上げたら出発が何ヶ月遅れるかを計算する,出典（エージェント・公的機関の公表値）＋確認日,
費用の相場,10万円,円,,,138,3ヶ月57万の英語コーチング、卒業後に何ヶ月残るか誰も教えてくれない,https://sakura-eigo.com/%e3%80%8c%e8%8b%b1%e8%aa%9e%e3%82%b3%e3%83%bc%e3%83%81%e3%83%b3%e3%82%b0-%e6%96%99%e9%87%91-%e6%af%94%e8%bc%83-2024%e3%80%8d%e3%81%a7%e4%b8%a6%e3%81%b63%e3%83%b6%e6%9c%8857%e4%b8%87%e3%83%bb%e6%9c%881/,30万円が月10万円になる場合,出典（エージェント・公的機関の公表値）＋確認日,
費用の相場,10万円,円,,,138,3ヶ月57万の英語コーチング、卒業後に何ヶ月残るか誰も教えてくれない,https://sakura-eigo.com/%e3%80%8c%e8%8b%b1%e8%aa%9e%e3%82%b3%e3%83%bc%e3%83%81%e3%83%b3%e3%82%b0-%e6%96%99%e9%87%91-%e6%af%94%e8%bc%83-2024%e3%80%8d%e3%81%a7%e4%b8%a6%e3%81%b63%e3%83%b6%e6%9c%8857%e4%b8%87%e3%83%bb%e6%9c%881/,効果が残った期間を受講中の3ヶ月だけと数えると、30万円を3ヶ月で割って月10万円。,出典（エージェント・公的機関の公表値）＋確認日,
費用の相場,10万円,円,,,131,ワーホリの貯金額より先に決めたい、収入が始まるまでの月数,https://sakura-eigo.com/%e3%80%8c%e3%82%aa%e3%83%bc%e3%82%b9%e3%83%88%e3%83%a9%e3%83%aa%e3%82%a2-%e3%83%af%e3%83%bc%e3%83%9b%e3%83%aa-%e8%b2%bb%e7%94%a8-%e3%83%aa%e3%82%a2%e3%83%ab%e3%80%8d%e3%81%ab%e4%b8%a6%e3%81%b6/,確認項目 ：目標額を10万円上げると、出発が何ヶ月遅れるかを計算する。,出典（エージェント・公的機関の公表値）＋確認日,
費用の相場,10万円,円,,,67,帰国後の床がないまま、5校を比べた2ヶ月を捨てた,https://sakura-eigo.com/%e3%80%8c%e3%83%95%e3%82%a3%e3%83%aa%e3%83%94%e3%83%b3%e7%95%99%e5%ad%a6-%e7%a4%be%e4%bc%9a%e4%ba%ba-%e3%81%8a%e3%81%99%e3%81%99%e3%82%81%e3%80%8d%e3%81%a7%e4%b8%a6%e3%81%b6%e5%ae%89%e3%81%84/,費用の幅は18万円から28万円で、開いても10万円。,出典（エージェント・公的機関の公表値）＋確認日,
費用の相場,120万円,円,,,37,半年の留学にいくらかかるか｜休職と退職を金額で比べる手順,https://sakura-eigo.com/%e3%80%8c%e7%95%99%e5%ad%a6-%e7%a4%be%e4%bc%9a%e4%ba%ba-%e8%b2%bb%e7%94%a8-%e7%8f%be%e5%ae%9f%e3%80%8d%e3%81%a7%e5%87%ba%e3%81%a6%e3%81%8f%e3%82%8b120%e4%b8%87%e5%86%86%e3%81%a8%e3%81%84%e3%81%86/,休職で6ヶ月なら失う収入は120万円。,出典（エージェント・公的機関の公表値）＋確認日,
費用の相場,150万円,円,,,238,5年後回しの27歳が見落とす「ビザは間に合う」の落とし穴,https://sakura-eigo.com/%e3%80%8c%e3%83%af%e3%83%bc%e3%83%9b%e3%83%aa-30%e6%ad%b3-%e9%96%93%e3%81%ab%e5%90%88%e3%81%86%e3%81%8b%e3%80%8d%e3%81%a7%e4%b8%a6%e3%81%b6%e3%82%ae%e3%83%aa%e3%83%9b%e3%83%aa%e3%83%bb%e5%9b%bd/,150万円かけて渡航して、最初の3か月は語学学校に通う。,出典（エージェント・公的機関の公表値）＋確認日,
費用の相場,15万円,円,,,149,カナダ ワーホリの費用は3つの箱で出す｜まとめ記事に載らない項目,https://sakura-eigo.com/%e3%80%8c%e3%82%ab%e3%83%8a%e3%83%80-%e3%83%af%e3%83%bc%e3%83%9b%e3%83%aa-%e8%b2%bb%e7%94%a8-2024%e3%80%8d%e3%81%a7%e4%b8%a6%e3%81%b6150%e4%b8%87%e3%83%bb250%e4%b8%87%e3%81%ae%e8%a6%8b%e7%a9%8d/,見てほしいのは合計ではなく、 ②の月数を1ヶ月増やすと15万円動く という感度のほうだ。,出典（エージェント・公的機関の公表値）＋確認日,
費用の相場,15万円,円,,,137,卒業当日の155点は、コーチが消えた4ヶ月目には残らない。15万円を払う前に見る,https://sakura-eigo.com/%e3%80%8c%e8%8b%b1%e8%aa%9e%e3%82%b3%e3%83%bc%e3%83%81%e3%83%b3%e3%82%b0-3%e3%83%b6%e6%9c%88-%e5%8a%b9%e6%9e%9c-%e4%bd%93%e9%a8%93%e8%ab%87%e3%80%8d%e3%81%ab%e4%b8%a6%e3%81%b6toeic155%e7%82%b9/,15万円をコーチングに一括で入れる前に、その一部で2週間の語学留学を挟んだら何が起きるかを、金額で確かめられる。,出典（エージェント・公的機関の公表値）＋確認日,
費用の相場,15万円,円,,,137,卒業当日の155点は、コーチが消えた4ヶ月目には残らない。15万円を払う前に見る,https://sakura-eigo.com/%e3%80%8c%e8%8b%b1%e8%aa%9e%e3%82%b3%e3%83%bc%e3%83%81%e3%83%b3%e3%82%b0-3%e3%83%b6%e6%9c%88-%e5%8a%b9%e6%9e%9c-%e4%bd%93%e9%a8%93%e8%ab%87%e3%80%8d%e3%81%ab%e4%b8%a6%e3%81%b6toeic155%e7%82%b9/,答えを濁す相手なら、その15万円は到達点を売っているのだと分かる。,出典（エージェント・公的機関の公表値）＋確認日,
費用の相場,15万円,円,,,137,卒業当日の155点は、コーチが消えた4ヶ月目には残らない。15万円を払う前に見る,https://sakura-eigo.com/%e3%80%8c%e8%8b%b1%e8%aa%9e%e3%82%b3%e3%83%bc%e3%83%81%e3%83%b3%e3%82%b0-3%e3%83%b6%e6%9c%88-%e5%8a%b9%e6%9e%9c-%e4%bd%93%e9%a8%93%e8%ab%87%e3%80%8d%e3%81%ab%e4%b8%a6%e3%81%b6toeic155%e7%82%b9/,ここが動くなら、15万円は伸びを加速させる投資になる。,出典（エージェント・公的機関の公表値）＋確認日,
費用の相場,15万円,円,,,137,卒業当日の155点は、コーチが消えた4ヶ月目には残らない。15万円を払う前に見る,https://sakura-eigo.com/%e3%80%8c%e8%8b%b1%e8%aa%9e%e3%82%b3%e3%83%bc%e3%83%81%e3%83%b3%e3%82%b0-3%e3%83%b6%e6%9c%88-%e5%8a%b9%e6%9e%9c-%e4%bd%93%e9%a8%93%e8%ab%87%e3%80%8d%e3%81%ab%e4%b8%a6%e3%81%b6toeic155%e7%82%b9/,それが15万円を生きた金に変える、たった1つの前提だ。,出典（エージェント・公的機関の公表値）＋確認日,
費用の相場,180万円,円,,,37,半年の留学にいくらかかるか｜休職と退職を金額で比べる手順,https://sakura-eigo.com/%e3%80%8c%e7%95%99%e5%ad%a6-%e7%a4%be%e4%bc%9a%e4%ba%ba-%e8%b2%bb%e7%94%a8-%e7%8f%be%e5%ae%9f%e3%80%8d%e3%81%a7%e5%87%ba%e3%81%a6%e3%81%8f%e3%82%8b120%e4%b8%87%e5%86%86%e3%81%a8%e3%81%84%e3%81%86/,退職で、帰国後に次が決まるまで3ヶ月かかるなら180万円になる。,出典（エージェント・公的機関の公表値）＋確認日,
費用の相場,18万円,円,,,67,帰国後の床がないまま、5校を比べた2ヶ月を捨てた,https://sakura-eigo.com/%e3%80%8c%e3%83%95%e3%82%a3%e3%83%aa%e3%83%94%e3%83%b3%e7%95%99%e5%ad%a6-%e7%a4%be%e4%bc%9a%e4%ba%ba-%e3%81%8a%e3%81%99%e3%81%99%e3%82%81%e3%80%8d%e3%81%a7%e4%b8%a6%e3%81%b6%e5%ae%89%e3%81%84/,格安をうたうDは18万円。,出典（エージェント・公的機関の公表値）＋確認日,
費用の相場,18万円,円,,,67,帰国後の床がないまま、5校を比べた2ヶ月を捨てた,https://sakura-eigo.com/%e3%80%8c%e3%83%95%e3%82%a3%e3%83%aa%e3%83%94%e3%83%b3%e7%95%99%e5%ad%a6-%e7%a4%be%e4%bc%9a%e4%ba%ba-%e3%81%8a%e3%81%99%e3%81%99%e3%82%81%e3%80%8d%e3%81%a7%e4%b8%a6%e3%81%b6%e5%ae%89%e3%81%84/,費用の幅は18万円から28万円で、開いても10万円。,出典（エージェント・公的機関の公表値）＋確認日,
費用の相場,19万円,円,,,67,帰国後の床がないまま、5校を比べた2ヶ月を捨てた,https://sakura-eigo.com/%e3%80%8c%e3%83%95%e3%82%a3%e3%83%aa%e3%83%94%e3%83%b3%e7%95%99%e5%ad%a6-%e7%a4%be%e4%bc%9a%e4%ba%ba-%e3%81%8a%e3%81%99%e3%81%99%e3%82%81%e3%80%8d%e3%81%a7%e4%b8%a6%e3%81%b6%e5%ae%89%e3%81%84/,スパルタ型のBは19万円と安いけれど、平日は校外に出られない。,出典（エージェント・公的機関の公表値）＋確認日,
費用の相場,1万4600円,円,,,138,3ヶ月57万の英語コーチング、卒業後に何ヶ月残るか誰も教えてくれない,https://sakura-eigo.com/%e3%80%8c%e8%8b%b1%e8%aa%9e%e3%82%b3%e3%83%bc%e3%83%81%e3%83%b3%e3%82%b0-%e6%96%99%e9%87%91-%e6%af%94%e8%bc%83-2024%e3%80%8d%e3%81%a7%e4%b8%a6%e3%81%b63%e3%83%b6%e6%9c%8857%e4%b8%87%e3%83%bb%e6%9c%881/,57万円を、受講中の3ヶ月と卒業後の36ヶ月、合わせて39ヶ月で割ると、月あたり約1万4600円。,出典（エージェント・公的機関の公表値）＋確認日,
費用の相場,1万5000円,円,,,138,3ヶ月57万の英語コーチング、卒業後に何ヶ月残るか誰も教えてくれない,https://sakura-eigo.com/%e3%80%8c%e8%8b%b1%e8%aa%9e%e3%82%b3%e3%83%bc%e3%83%81%e3%83%b3%e3%82%b0-%e6%96%99%e9%87%91-%e6%af%94%e8%bc%83-2024%e3%80%8d%e3%81%a7%e4%b8%a6%e3%81%b63%e3%83%b6%e6%9c%8857%e4%b8%87%e3%83%bb%e6%9c%881/,移植された習慣が卒業後3年回れば、57万円は月あたり1万5000円ちょっとまで下がる。,出典（エージェント・公的機関の公表値）＋確認日,
費用の相場,1万5000円,円,,,138,3ヶ月57万の英語コーチング、卒業後に何ヶ月残るか誰も教えてくれない,https://sakura-eigo.com/%e3%80%8c%e8%8b%b1%e8%aa%9e%e3%82%b3%e3%83%bc%e3%83%81%e3%83%b3%e3%82%b0-%e6%96%99%e9%87%91-%e6%af%94%e8%bc%83-2024%e3%80%8d%e3%81%a7%e4%b8%a6%e3%81%b63%e3%83%b6%e6%9c%8857%e4%b8%87%e3%83%bb%e6%9c%881/,57万円が月1万5000円になる場合,出典（エージェント・公的機関の公表値）＋確認日,
費用の相場,1円,円,,,64,卒業後も残る締め切りが、月謝25万円より先に必要だった,https://sakura-eigo.com/%e3%80%8c%e8%8b%b1%e8%aa%9e%e3%82%b3%e3%83%bc%e3%83%81%e3%83%b3%e3%82%b0-%e6%8c%ab%e6%8a%98-%e3%81%97%e3%81%aa%e3%81%84-%e6%96%b9%e6%b3%95%e3%80%8d%e3%81%a7%e4%b8%a6%e3%81%b6%e7%9b%ae%e6%a8%99/,カウンセリングは無料だから、申し込んだ時点では1円も動かない。,出典（エージェント・公的機関の公表値）＋確認日,
費用の相場,1円,円,,,19,「英語 独学 社会人 方法」を10個集めても話せない人が、本当に欠いている1つの,https://sakura-eigo.com/%e3%80%8c%e8%8b%b1%e8%aa%9e-%e7%8b%ac%e5%ad%a6-%e7%a4%be%e4%bc%9a%e4%ba%ba-%e6%96%b9%e6%b3%95%e3%80%8d%e3%82%9210%e5%80%8b%e9%9b%86%e3%82%81%e3%81%a6%e3%82%82%e8%a9%b1%e3%81%9b%e3%81%aa%e3%81%84/,でも見積もりを取る行為には1円もかからない。,出典（エージェント・公的機関の公表値）＋確認日,
費用の相場,200円,円,,,241,「正しい順番」を15分×4回やっても、反応が返らない一人では化石化する,https://sakura-eigo.com/second-language-acquisition-theory-gap/,オンライン英会話の1回あたりの単価は、探せば200円台からある。,出典（エージェント・公的機関の公表値）＋確認日,
費用の相場,201万円,円,,,149,カナダ ワーホリの費用は3つの箱で出す｜まとめ記事に載らない項目,https://sakura-eigo.com/%e3%80%8c%e3%82%ab%e3%83%8a%e3%83%80-%e3%83%af%e3%83%bc%e3%83%9b%e3%83%aa-%e8%b2%bb%e7%94%a8-2024%e3%80%8d%e3%81%a7%e4%b8%a6%e3%81%b6150%e4%b8%87%e3%83%bb250%e4%b8%87%e3%81%ae%e8%a6%8b%e7%a9%8d/,合計すると201万円になる。,出典（エージェント・公的機関の公表値）＋確認日,
費用の相場,20万円,円,,,151,「意味ない」を5回検索する前に、私が問うべき1つのこと,https://sakura-eigo.com/%e3%80%8c%e8%8b%b1%e8%aa%9e%e3%82%b3%e3%83%bc%e3%83%81%e3%83%b3%e3%82%b0-%e6%84%8f%e5%91%b3%e3%81%aa%e3%81%84%e3%80%8d%e3%81%a7%e4%b8%a6%e3%81%b6%e9%ab%98%e3%81%84%e3%83%bb%e7%b5%90%e5%b1%80/,とはいえ、月20万円前後のコーチングにいきなり飛び込むのは怖かった。,出典（エージェント・公的機関の公表値）＋確認日,
費用の相場,22万円,円,,,235,帰国後も動き続ける仕組みを、セブ1ヶ月で作れるか、27歳の私が記事に見つけられな,https://sakura-eigo.com/%e3%80%8c%e3%82%bb%e3%83%96%e5%b3%b6%e7%95%99%e5%ad%a6-1%e3%83%b6%e6%9c%88-%e4%bd%93%e9%a8%93%e3%80%8d%e3%81%a7%e4%b8%a6%e3%81%b6%e8%b2%bb%e7%94%a8%e3%83%bb%e3%82%b9%e3%82%b1%e3%82%b8%e3%83%a5/,C校はスパルタ校で外出制限があるかわりに22万円台、D校は社会人向けを謳っていて41万円、E校はリゾート型で36万円。,出典（エージェント・公的機関の公表値）＋確認日,
費用の相場,22万円,円,,,67,帰国後の床がないまま、5校を比べた2ヶ月を捨てた,https://sakura-eigo.com/%e3%80%8c%e3%83%95%e3%82%a3%e3%83%aa%e3%83%94%e3%83%b3%e7%95%99%e5%ad%a6-%e7%a4%be%e4%bc%9a%e4%ba%ba-%e3%81%8a%e3%81%99%e3%81%99%e3%82%81%e3%80%8d%e3%81%a7%e4%b8%a6%e3%81%b6%e5%ae%89%e3%81%84/,セブの大型校Aは1ヶ月22万円でマンツーマンが1日5コマ。,出典（エージェント・公的機関の公表値）＋確認日,
費用の相場,25万円,円,,,67,帰国後の床がないまま、5校を比べた2ヶ月を捨てた,https://sakura-eigo.com/%e3%80%8c%e3%83%95%e3%82%a3%e3%83%aa%e3%83%94%e3%83%b3%e7%95%99%e5%ad%a6-%e7%a4%be%e4%bc%9a%e4%ba%ba-%e3%81%8a%e3%81%99%e3%81%99%e3%82%81%e3%80%8d%e3%81%a7%e4%b8%a6%e3%81%b6%e5%ae%89%e3%81%84/,25万円を振り込む前に、出口があれば続くのかを無料で試す,出典（エージェント・公的機関の公表値）＋確認日,
費用の相場,25万円,円,,,67,帰国後の床がないまま、5校を比べた2ヶ月を捨てた,https://sakura-eigo.com/%e3%80%8c%e3%83%95%e3%82%a3%e3%83%aa%e3%83%94%e3%83%b3%e7%95%99%e5%ad%a6-%e7%a4%be%e4%bc%9a%e4%ba%ba-%e3%81%8a%e3%81%99%e3%81%99%e3%82%81%e3%80%8d%e3%81%a7%e4%b8%a6%e3%81%b6%e5%ae%89%e3%81%84/,25万円を振り込む前に、帰国後の床が本当に機能するのかを、まずお金をかけずに確かめることにした。,出典（エージェント・公的機関の公表値）＋確認日,
費用の相場,25万円,円,,,64,卒業後も残る締め切りが、月謝25万円より先に必要だった,https://sakura-eigo.com/%e3%80%8c%e8%8b%b1%e8%aa%9e%e3%82%b3%e3%83%bc%e3%83%81%e3%83%b3%e3%82%b0-%e6%8c%ab%e6%8a%98-%e3%81%97%e3%81%aa%e3%81%84-%e6%96%b9%e6%b3%95%e3%80%8d%e3%81%a7%e4%b8%a6%e3%81%b6%e7%9b%ae%e6%a8%99/,それが置けないなら、25万円は3ヶ月の延命にしかならない。,出典（エージェント・公的機関の公表値）＋確認日,
費用の相場,25万円,円,,,64,卒業後も残る締め切りが、月謝25万円より先に必要だった,https://sakura-eigo.com/%e3%80%8c%e8%8b%b1%e8%aa%9e%e3%82%b3%e3%83%bc%e3%83%81%e3%83%b3%e3%82%b0-%e6%8c%ab%e6%8a%98-%e3%81%97%e3%81%aa%e3%81%84-%e6%96%b9%e6%b3%95%e3%80%8d%e3%81%a7%e4%b8%a6%e3%81%b6%e7%9b%ae%e6%a8%99/,25万円のコーチングを3ヶ月受けて卒業後に止まる未来と、同じくらいの予算で出発日という締め切りごと手に入る未来を、初めて同じ土俵で比べられた。,出典（エージェント・公的機関の公表値）＋確認日,
費用の相場,26万円,円,,,67,帰国後の床がないまま、5校を比べた2ヶ月を捨てた,https://sakura-eigo.com/%e3%80%8c%e3%83%95%e3%82%a3%e3%83%aa%e3%83%94%e3%83%b3%e7%95%99%e5%ad%a6-%e7%a4%be%e4%bc%9a%e4%ba%ba-%e3%81%8a%e3%81%99%e3%81%99%e3%82%81%e3%80%8d%e3%81%a7%e4%b8%a6%e3%81%b6%e5%ae%89%e3%81%84/,語学特化の小規模校Cは26万円でマンツーマン1日7コマ、密度が高い。,出典（エージェント・公的機関の公表値）＋確認日,
費用の相場,270円,円,,,310,無料・低価格の英語アプリで足りる人と、足りない人の分かれ目,https://sakura-eigo.com/cheap-english-learning-apps-free/,"900円×6ヶ月で5,400円、これを20回で割ると1回あたり270円になる。",出典（エージェント・公的機関の公表値）＋確認日,
費用の相場,28万51000円,円,,,235,帰国後も動き続ける仕組みを、セブ1ヶ月で作れるか、27歳の私が記事に見つけられな,https://sakura-eigo.com/%e3%80%8c%e3%82%bb%e3%83%96%e5%b3%b6%e7%95%99%e5%ad%a6-1%e3%83%b6%e6%9c%88-%e4%bd%93%e9%a8%93%e3%80%8d%e3%81%a7%e4%b8%a6%e3%81%b6%e8%b2%bb%e7%94%a8%e3%83%bb%e3%82%b9%e3%82%b1%e3%82%b8%e3%83%a5/,A校は4週間で28万51000円、1日8コマ、うちマンツーマン6コマ、3人部屋。,出典（エージェント・公的機関の公表値）＋確認日,
費用の相場,28万51000円,円,,,235,帰国後も動き続ける仕組みを、セブ1ヶ月で作れるか、27歳の私が記事に見つけられな,https://sakura-eigo.com/%e3%80%8c%e3%82%bb%e3%83%96%e5%b3%b6%e7%95%99%e5%ad%a6-1%e3%83%b6%e6%9c%88-%e4%bd%93%e9%a8%93%e3%80%8d%e3%81%a7%e4%b8%a6%e3%81%b6%e8%b2%bb%e7%94%a8%e3%83%bb%e3%82%b9%e3%82%b1%e3%82%b8%e3%83%a5/,A校の4週間で28万51000円、往復航空券7万、現地のお小遣い4万で、留学だけなら約39万51000円。,出典（エージェント・公的機関の公表値）＋確認日,
費用の相場,28万円,円,,,67,帰国後の床がないまま、5校を比べた2ヶ月を捨てた,https://sakura-eigo.com/%e3%80%8c%e3%83%95%e3%82%a3%e3%83%aa%e3%83%94%e3%83%b3%e7%95%99%e5%ad%a6-%e7%a4%be%e4%bc%9a%e4%ba%ba-%e3%81%8a%e3%81%99%e3%81%99%e3%82%81%e3%80%8d%e3%81%a7%e4%b8%a6%e3%81%b6%e5%ae%89%e3%81%84/,ビジネス英語に振ったEは28万円で、社会人の受講が多いと書いてあった。,出典（エージェント・公的機関の公表値）＋確認日,
費用の相場,28万円,円,,,67,帰国後の床がないまま、5校を比べた2ヶ月を捨てた,https://sakura-eigo.com/%e3%80%8c%e3%83%95%e3%82%a3%e3%83%aa%e3%83%94%e3%83%b3%e7%95%99%e5%ad%a6-%e7%a4%be%e4%bc%9a%e4%ba%ba-%e3%81%8a%e3%81%99%e3%81%99%e3%82%81%e3%80%8d%e3%81%a7%e4%b8%a6%e3%81%b6%e5%ae%89%e3%81%84/,費用の幅は18万円から28万円で、開いても10万円。,出典（エージェント・公的機関の公表値）＋確認日,
費用の相場,30万円,円,,,272,フィリピン留学の費用を社会人が計算する方法｜表に載らない2つの箱,https://sakura-eigo.com/philippines-study-abroad-adult-costs/,この例で見てほしいのは合計そのものではなく、 ①の30万円が全体の半分以下になる という形のほうだ。,出典（エージェント・公的機関の公表値）＋確認日,
費用の相場,30万円,円,,,138,3ヶ月57万の英語コーチング、卒業後に何ヶ月残るか誰も教えてくれない,https://sakura-eigo.com/%e3%80%8c%e8%8b%b1%e8%aa%9e%e3%82%b3%e3%83%bc%e3%83%81%e3%83%b3%e3%82%b0-%e6%96%99%e9%87%91-%e6%af%94%e8%bc%83-2024%e3%80%8d%e3%81%a7%e4%b8%a6%e3%81%b63%e3%83%b6%e6%9c%8857%e4%b8%87%e3%83%bb%e6%9c%881/,30万円が月10万円になる場合,出典（エージェント・公的機関の公表値）＋確認日,
費用の相場,30万円,円,,,138,3ヶ月57万の英語コーチング、卒業後に何ヶ月残るか誰も教えてくれない,https://sakura-eigo.com/%e3%80%8c%e8%8b%b1%e8%aa%9e%e3%82%b3%e3%83%bc%e3%83%81%e3%83%b3%e3%82%b0-%e6%96%99%e9%87%91-%e6%af%94%e8%bc%83-2024%e3%80%8d%e3%81%a7%e4%b8%a6%e3%81%b63%e3%83%b6%e6%9c%8857%e4%b8%87%e3%83%bb%e6%9c%881/,効果が残った期間を受講中の3ヶ月だけと数えると、30万円を3ヶ月で割って月10万円。,出典（エージェント・公的機関の公表値）＋確認日,
費用の相場,30万円,円,,,18,留学エージェントのおすすめを18社比較し続ける限り、あなたは一生出発しない,https://sakura-eigo.com/%e7%95%99%e5%ad%a6%e3%82%a8%e3%83%bc%e3%82%b8%e3%82%a7%e3%83%b3%e3%83%88%e3%81%ae%e3%81%8a%e3%81%99%e3%81%99%e3%82%81%e3%82%9218%e7%a4%be%e6%af%94%e8%bc%83%e3%81%97%e7%b6%9a%e3%81%91%e3%82%8b%e9%99%90/,30万円なのか100万円なのか、幅がありすぎて計画が立たない。,出典（エージェント・公的機関の公表値）＋確認日,
費用の相場,34万円,円,,,235,帰国後も動き続ける仕組みを、セブ1ヶ月で作れるか、27歳の私が記事に見つけられな,https://sakura-eigo.com/%e3%80%8c%e3%82%bb%e3%83%96%e5%b3%b6%e7%95%99%e5%ad%a6-1%e3%83%b6%e6%9c%88-%e4%bd%93%e9%a8%93%e3%80%8d%e3%81%a7%e4%b8%a6%e3%81%b6%e8%b2%bb%e7%94%a8%e3%83%bb%e3%82%b9%e3%82%b1%e3%82%b8%e3%83%a5/,B校は同じ4週間で34万円だけどマンツーマンが7コマで個室。,出典（エージェント・公的機関の公表値）＋確認日,
費用の相場,36万円,円,,,235,帰国後も動き続ける仕組みを、セブ1ヶ月で作れるか、27歳の私が記事に見つけられな,https://sakura-eigo.com/%e3%80%8c%e3%82%bb%e3%83%96%e5%b3%b6%e7%95%99%e5%ad%a6-1%e3%83%b6%e6%9c%88-%e4%bd%93%e9%a8%93%e3%80%8d%e3%81%a7%e4%b8%a6%e3%81%b6%e8%b2%bb%e7%94%a8%e3%83%bb%e3%82%b9%e3%82%b1%e3%82%b8%e3%83%a5/,C校はスパルタ校で外出制限があるかわりに22万円台、D校は社会人向けを謳っていて41万円、E校はリゾート型で36万円。,出典（エージェント・公的機関の公表値）＋確認日,
費用の相場,374円,円,,,546,オンライン英会話が3日で終わっていた私が、予約をやめて続いた90日,https://sakura-eigo.com/online-english-lessons-90-days-success/,"ここで単純な割り算をしておくと、月7,480円を月20回話せば1回あたり374円、月4回しか話さなければ1回1,870円になる。",出典（エージェント・公的機関の公表値）＋確認日,
費用の相場,39万51000円,円,,,235,帰国後も動き続ける仕組みを、セブ1ヶ月で作れるか、27歳の私が記事に見つけられな,https://sakura-eigo.com/%e3%80%8c%e3%82%bb%e3%83%96%e5%b3%b6%e7%95%99%e5%ad%a6-1%e3%83%b6%e6%9c%88-%e4%bd%93%e9%a8%93%e3%80%8d%e3%81%a7%e4%b8%a6%e3%81%b6%e8%b2%bb%e7%94%a8%e3%83%bb%e3%82%b9%e3%82%b1%e3%82%b8%e3%83%a5/,A校の4週間で28万51000円、往復航空券7万、現地のお小遣い4万で、留学だけなら約39万51000円。,出典（エージェント・公的機関の公表値）＋確認日,
費用の相場,39万51000円,円,,,235,帰国後も動き続ける仕組みを、セブ1ヶ月で作れるか、27歳の私が記事に見つけられな,https://sakura-eigo.com/%e3%80%8c%e3%82%bb%e3%83%96%e5%b3%b6%e7%95%99%e5%ad%a6-1%e3%83%b6%e6%9c%88-%e4%bd%93%e9%a8%93%e3%80%8d%e3%81%a7%e4%b8%a6%e3%81%b6%e8%b2%bb%e7%94%a8%e3%83%bb%e3%82%b9%e3%82%b1%e3%82%b8%e3%83%a5/,金額だけ見ると増えているように見えるけれど、留学39万51000円が7月で終わって元に戻る場合と、46万71000円で7月以降も口を開き続ける場合を比べると、1回あたりの英語に触れる回数で割った単価は後者が圧倒的に安い。,出典（エージェント・公的機関の公表値）＋確認日,
費用の相場,4.5万円,円,,,150,「続けるコツ」に書かれない90日の採点者が、私が英語で失敗した本当の理由だった,https://sakura-eigo.com/%e3%80%8c%e8%8b%b1%e8%aa%9e-%e5%8b%89%e5%bc%b7%e6%b3%95-30%e4%bb%a3-%e3%81%8b%e3%82%89%e3%80%8d%e3%81%a7%e4%b8%a6%e3%81%b6%e4%b8%ad%e5%ad%a6%e6%96%87%e6%b3%95%e3%82%84%e3%82%8a%e7%9b%b4/,ただ、週2回で4.5万円かけて途中で消えていった過去があるので、今度は毎日でも負担にならない金額と、疲れた夜でも起動できる短さを条件にした。,出典（エージェント・公的機関の公表値）＋確認日,
費用の相場,41万円,円,,,235,帰国後も動き続ける仕組みを、セブ1ヶ月で作れるか、27歳の私が記事に見つけられな,https://sakura-eigo.com/%e3%80%8c%e3%82%bb%e3%83%96%e5%b3%b6%e7%95%99%e5%ad%a6-1%e3%83%b6%e6%9c%88-%e4%bd%93%e9%a8%93%e3%80%8d%e3%81%a7%e4%b8%a6%e3%81%b6%e8%b2%bb%e7%94%a8%e3%83%bb%e3%82%b9%e3%82%b1%e3%82%b8%e3%83%a5/,C校はスパルタ校で外出制限があるかわりに22万円台、D校は社会人向けを謳っていて41万円、E校はリゾート型で36万円。,出典（エージェント・公的機関の公表値）＋確認日,
費用の相場,46万71000円,円,,,235,帰国後も動き続ける仕組みを、セブ1ヶ月で作れるか、27歳の私が記事に見つけられな,https://sakura-eigo.com/%e3%80%8c%e3%82%bb%e3%83%96%e5%b3%b6%e7%95%99%e5%ad%a6-1%e3%83%b6%e6%9c%88-%e4%bd%93%e9%a8%93%e3%80%8d%e3%81%a7%e4%b8%a6%e3%81%b6%e8%b2%bb%e7%94%a8%e3%83%bb%e3%82%b9%e3%82%b1%e3%82%b8%e3%83%a5/,合わせて約46万71000円。,出典（エージェント・公的機関の公表値）＋確認日,
費用の相場,46万71000円,円,,,235,帰国後も動き続ける仕組みを、セブ1ヶ月で作れるか、27歳の私が記事に見つけられな,https://sakura-eigo.com/%e3%80%8c%e3%82%bb%e3%83%96%e5%b3%b6%e7%95%99%e5%ad%a6-1%e3%83%b6%e6%9c%88-%e4%bd%93%e9%a8%93%e3%80%8d%e3%81%a7%e4%b8%a6%e3%81%b6%e8%b2%bb%e7%94%a8%e3%83%bb%e3%82%b9%e3%82%b1%e3%82%b8%e3%83%a5/,金額だけ見ると増えているように見えるけれど、留学39万51000円が7月で終わって元に戻る場合と、46万71000円で7月以降も口を開き続ける場合を比べると、1回あたりの英語に触れる回数で割った単価は後者が圧倒的に安い。,出典（エージェント・公的機関の公表値）＋確認日,
費用の相場,4万51000円,円,,,301,無料エージェントに勧められたまま契約する前に、30歳までの3年で自分の判断を取り,https://sakura-eigo.com/free-study-abroad-agent-bias/,感じのいいカウンセラーに「田中さんは伸びますよ」と言われて、その場でうなずいて、実感のないまま4万51000円が消えた。,出典（エージェント・公的機関の公表値）＋確認日,
費用の相場,"5,400円",円,,,310,無料・低価格の英語アプリで足りる人と、足りない人の分かれ目,https://sakura-eigo.com/cheap-english-learning-apps-free/,"900円×6ヶ月で5,400円、これを20回で割ると1回あたり270円になる。",出典（エージェント・公的機関の公表値）＋確認日,
費用の相場,51万円,円,,,138,3ヶ月57万の英語コーチング、卒業後に何ヶ月残るか誰も教えてくれない,https://sakura-eigo.com/%e3%80%8c%e8%8b%b1%e8%aa%9e%e3%82%b3%e3%83%bc%e3%83%81%e3%83%b3%e3%82%b0-%e6%96%99%e9%87%91-%e6%af%94%e8%bc%83-2024%e3%80%8d%e3%81%a7%e4%b8%a6%e3%81%b63%e3%83%b6%e6%9c%8857%e4%b8%87%e3%83%bb%e6%9c%881/,イングリードが約51万円、ライザップが約58万円、プログリットが約58万円。,出典（エージェント・公的機関の公表値）＋確認日,
費用の相場,57万円,円,,,138,3ヶ月57万の英語コーチング、卒業後に何ヶ月残るか誰も教えてくれない,https://sakura-eigo.com/%e3%80%8c%e8%8b%b1%e8%aa%9e%e3%82%b3%e3%83%bc%e3%83%81%e3%83%b3%e3%82%b0-%e6%96%99%e9%87%91-%e6%af%94%e8%bc%83-2024%e3%80%8d%e3%81%a7%e4%b8%a6%e3%81%b63%e3%83%b6%e6%9c%8857%e4%b8%87%e3%83%bb%e6%9c%881/,57万円を90日で割ると1日あたり6300円くらい。,出典（エージェント・公的機関の公表値）＋確認日,
費用の相場,57万円,円,,,138,3ヶ月57万の英語コーチング、卒業後に何ヶ月残るか誰も教えてくれない,https://sakura-eigo.com/%e3%80%8c%e8%8b%b1%e8%aa%9e%e3%82%b3%e3%83%bc%e3%83%81%e3%83%b3%e3%82%b0-%e6%96%99%e9%87%91-%e6%af%94%e8%bc%83-2024%e3%80%8d%e3%81%a7%e4%b8%a6%e3%81%b63%e3%83%b6%e6%9c%8857%e4%b8%87%e3%83%bb%e6%9c%881/,開かせられても開かないタイプは、面談のたびに「今週もできませんでした」を報告する57万円になる。,出典（エージェント・公的機関の公表値）＋確認日,
費用の相場,57万円,円,,,138,3ヶ月57万の英語コーチング、卒業後に何ヶ月残るか誰も教えてくれない,https://sakura-eigo.com/%e3%80%8c%e8%8b%b1%e8%aa%9e%e3%82%b3%e3%83%bc%e3%83%81%e3%83%b3%e3%82%b0-%e6%96%99%e9%87%91-%e6%af%94%e8%bc%83-2024%e3%80%8d%e3%81%a7%e4%b8%a6%e3%81%b63%e3%83%b6%e6%9c%8857%e4%b8%87%e3%83%bb%e6%9c%881/,57万円の面談で中学レベルのbe動詞を確認するのは、時間の単価がもったいない。,出典（エージェント・公的機関の公表値）＋確認日,
費用の相場,57万円,円,,,138,3ヶ月57万の英語コーチング、卒業後に何ヶ月残るか誰も教えてくれない,https://sakura-eigo.com/%e3%80%8c%e8%8b%b1%e8%aa%9e%e3%82%b3%e3%83%bc%e3%83%81%e3%83%b3%e3%82%b0-%e6%96%99%e9%87%91-%e6%af%94%e8%bc%83-2024%e3%80%8d%e3%81%a7%e4%b8%a6%e3%81%b63%e3%83%b6%e6%9c%8857%e4%b8%87%e3%83%bb%e6%9c%881/,移植された習慣が卒業後3年回れば、57万円は月あたり1万5000円ちょっとまで下がる。,出典（エージェント・公的機関の公表値）＋確認日,
費用の相場,57万円,円,,,138,3ヶ月57万の英語コーチング、卒業後に何ヶ月残るか誰も教えてくれない,https://sakura-eigo.com/%e3%80%8c%e8%8b%b1%e8%aa%9e%e3%82%b3%e3%83%bc%e3%83%81%e3%83%b3%e3%82%b0-%e6%96%99%e9%87%91-%e6%af%94%e8%bc%83-2024%e3%80%8d%e3%81%a7%e4%b8%a6%e3%81%b63%e3%83%b6%e6%9c%8857%e4%b8%87%e3%83%bb%e6%9c%881/,57万円で買う価値がいちばん高いのは、テクニックよりもこの粘りだと思う。,出典（エージェント・公的機関の公表値）＋確認日,
費用の相場,57万円,円,,,138,3ヶ月57万の英語コーチング、卒業後に何ヶ月残るか誰も教えてくれない,https://sakura-eigo.com/%e3%80%8c%e8%8b%b1%e8%aa%9e%e3%82%b3%e3%83%bc%e3%83%81%e3%83%b3%e3%82%b0-%e6%96%99%e9%87%91-%e6%af%94%e8%bc%83-2024%e3%80%8d%e3%81%a7%e4%b8%a6%e3%81%b63%e3%83%b6%e6%9c%8857%e4%b8%87%e3%83%bb%e6%9c%881/,57万円が月1万5000円になる場合,出典（エージェント・公的機関の公表値）＋確認日,
費用の相場,57万円,円,,,138,3ヶ月57万の英語コーチング、卒業後に何ヶ月残るか誰も教えてくれない,https://sakura-eigo.com/%e3%80%8c%e8%8b%b1%e8%aa%9e%e3%82%b3%e3%83%bc%e3%83%81%e3%83%b3%e3%82%b0-%e6%96%99%e9%87%91-%e6%af%94%e8%bc%83-2024%e3%80%8d%e3%81%a7%e4%b8%a6%e3%81%b63%e3%83%b6%e6%9c%8857%e4%b8%87%e3%83%bb%e6%9c%881/,57万円を、受講中の3ヶ月と卒業後の36ヶ月、合わせて39ヶ月で割ると、月あたり約1万4600円。,出典（エージェント・公的機関の公表値）＋確認日,
費用の相場,57万円,円,,,138,3ヶ月57万の英語コーチング、卒業後に何ヶ月残るか誰も教えてくれない,https://sakura-eigo.com/%e3%80%8c%e8%8b%b1%e8%aa%9e%e3%82%b3%e3%83%bc%e3%83%81%e3%83%b3%e3%82%b0-%e6%96%99%e9%87%91-%e6%af%94%e8%bc%83-2024%e3%80%8d%e3%81%a7%e4%b8%a6%e3%81%b63%e3%83%b6%e6%9c%8857%e4%b8%87%e3%83%bb%e6%9c%881/,習慣が残る前提なら、57万円は驚くほど安い買い物になる。,出典（エージェント・公的機関の公表値）＋確認日,
費用の相場,57万円,円,,,138,3ヶ月57万の英語コーチング、卒業後に何ヶ月残るか誰も教えてくれない,https://sakura-eigo.com/%e3%80%8c%e8%8b%b1%e8%aa%9e%e3%82%b3%e3%83%bc%e3%83%81%e3%83%b3%e3%82%b0-%e6%96%99%e9%87%91-%e6%af%94%e8%bc%83-2024%e3%80%8d%e3%81%a7%e4%b8%a6%e3%81%b63%e3%83%b6%e6%9c%8857%e4%b8%87%e3%83%bb%e6%9c%881/,57万円のほうより単価が7倍近く高い。,出典（エージェント・公的機関の公表値）＋確認日,
費用の相場,57万円,円,,,138,3ヶ月57万の英語コーチング、卒業後に何ヶ月残るか誰も教えてくれない,https://sakura-eigo.com/%e3%80%8c%e8%8b%b1%e8%aa%9e%e3%82%b3%e3%83%bc%e3%83%81%e3%83%b3%e3%82%b0-%e6%96%99%e9%87%91-%e6%af%94%e8%bc%83-2024%e3%80%8d%e3%81%a7%e4%b8%a6%e3%81%b63%e3%83%b6%e6%9c%8857%e4%b8%87%e3%83%bb%e6%9c%881/,57万円を確かめる前に、7日を無料で確かめる。,出典（エージェント・公的機関の公表値）＋確認日,
費用の相場,57万円,円,,,138,3ヶ月57万の英語コーチング、卒業後に何ヶ月残るか誰も教えてくれない,https://sakura-eigo.com/%e3%80%8c%e8%8b%b1%e8%aa%9e%e3%82%b3%e3%83%bc%e3%83%81%e3%83%b3%e3%82%b0-%e6%96%99%e9%87%91-%e6%af%94%e8%bc%83-2024%e3%80%8d%e3%81%a7%e4%b8%a6%e3%81%b63%e3%83%b6%e6%9c%8857%e4%b8%87%e3%83%bb%e6%9c%881/,この予約があると、57万円が卒業後に何ヶ月残るかの見積もりが、希望ではなく計画に変わる。,出典（エージェント・公的機関の公表値）＋確認日,
費用の相場,57万円,円,,,138,3ヶ月57万の英語コーチング、卒業後に何ヶ月残るか誰も教えてくれない,https://sakura-eigo.com/%e3%80%8c%e8%8b%b1%e8%aa%9e%e3%82%b3%e3%83%bc%e3%83%81%e3%83%b3%e3%82%b0-%e6%96%99%e9%87%91-%e6%af%94%e8%bc%83-2024%e3%80%8d%e3%81%a7%e4%b8%a6%e3%81%b63%e3%83%b6%e6%9c%8857%e4%b8%87%e3%83%bb%e6%9c%881/,3ヶ月57万円が高いか安いかは、料金表を何時間見ても出てこない。,出典（エージェント・公的機関の公表値）＋確認日,
費用の相場,58万円,円,,,138,3ヶ月57万の英語コーチング、卒業後に何ヶ月残るか誰も教えてくれない,https://sakura-eigo.com/%e3%80%8c%e8%8b%b1%e8%aa%9e%e3%82%b3%e3%83%bc%e3%83%81%e3%83%b3%e3%82%b0-%e6%96%99%e9%87%91-%e6%af%94%e8%bc%83-2024%e3%80%8d%e3%81%a7%e4%b8%a6%e3%81%b63%e3%83%b6%e6%9c%8857%e4%b8%87%e3%83%bb%e6%9c%881/,イングリードが約51万円、ライザップが約58万円、プログリットが約58万円。,出典（エージェント・公的機関の公表値）＋確認日,
費用の相場,"6,800円",円,,yes,546,オンライン英会話が3日で終わっていた私が、予約をやめて続いた90日,https://sakura-eigo.com/online-english-lessons-90-days-success/,"2026年8月7日時点で公式サイト（nativecamp.net）に載っている個人向けプレミアムプランは、通常月額7,480円（税込）、年間割引オプションを使うと月6,800円だった。",出典（エージェント・公的機関の公表値）＋確認日,
費用の相場,60万円,円,,,61,同期の年収が60万円上がった理由を、私はモチベで探していた,https://sakura-eigo.com/%e3%80%8c%e8%8b%b1%e8%aa%9e-%e5%8b%89%e5%bc%b7-%e3%83%a2%e3%83%81%e3%83%99-%e4%b8%8a%e3%81%92%e3%82%8b-%e6%96%b9%e6%b3%95%e3%80%8d%e3%81%a7%e4%b8%a6%e3%81%b6%e7%9b%ae%e6%a8%99%e8%a8%ad%e5%ae%9a/,年収にして60万円ほど上がる、と誰かが言った。,出典（エージェント・公的機関の公表値）＋確認日,
費用の相場,60万円,円,,,61,同期の年収が60万円上がった理由を、私はモチベで探していた,https://sakura-eigo.com/%e3%80%8c%e8%8b%b1%e8%aa%9e-%e5%8b%89%e5%bc%b7-%e3%83%a2%e3%83%81%e3%83%99-%e4%b8%8a%e3%81%92%e3%82%8b-%e6%96%b9%e6%b3%95%e3%80%8d%e3%81%a7%e4%b8%a6%e3%81%b6%e7%9b%ae%e6%a8%99%e8%a8%ad%e5%ae%9a/,同期の60万円は、熱量ではなく、たった1つの締め切りから生まれた。,出典（エージェント・公的機関の公表値）＋確認日,
費用の相場,60万円,円,,,37,半年の留学にいくらかかるか｜休職と退職を金額で比べる手順,https://sakura-eigo.com/%e3%80%8c%e7%95%99%e5%ad%a6-%e7%a4%be%e4%bc%9a%e4%ba%ba-%e8%b2%bb%e7%94%a8-%e7%8f%be%e5%ae%9f%e3%80%8d%e3%81%a7%e5%87%ba%e3%81%a6%e3%81%8f%e3%82%8b120%e4%b8%87%e5%86%86%e3%81%a8%e3%81%84%e3%81%86/,差は60万円だ。,出典（エージェント・公的機関の公表値）＋確認日,
費用の相場,61000円,円,,,235,帰国後も動き続ける仕組みを、セブ1ヶ月で作れるか、27歳の私が記事に見つけられな,https://sakura-eigo.com/%e3%80%8c%e3%82%bb%e3%83%96%e5%b3%b6%e7%95%99%e5%ad%a6-1%e3%83%b6%e6%9c%88-%e4%bd%93%e9%a8%93%e3%80%8d%e3%81%a7%e4%b8%a6%e3%81%b6%e8%b2%bb%e7%94%a8%e3%83%bb%e3%82%b9%e3%82%b1%e3%82%b8%e3%83%a5/,ここに帰国後のオンライン英会話を1年続けると、月61000円として年間7万21000円。,出典（エージェント・公的機関の公表値）＋確認日,
費用の相場,6300円,円,,,138,3ヶ月57万の英語コーチング、卒業後に何ヶ月残るか誰も教えてくれない,https://sakura-eigo.com/%e3%80%8c%e8%8b%b1%e8%aa%9e%e3%82%b3%e3%83%bc%e3%83%81%e3%83%b3%e3%82%b0-%e6%96%99%e9%87%91-%e6%af%94%e8%bc%83-2024%e3%80%8d%e3%81%a7%e4%b8%a6%e3%81%b63%e3%83%b6%e6%9c%8857%e4%b8%87%e3%83%bb%e6%9c%881/,57万円を90日で割ると1日あたり6300円くらい。,出典（エージェント・公的機関の公表値）＋確認日,
費用の相場,64万円,円,,,272,フィリピン留学の費用を社会人が計算する方法｜表に載らない2つの箱,https://sakura-eigo.com/philippines-study-abroad-adult-costs/,合計すると64万円になる。,出典（エージェント・公的機関の公表値）＋確認日,
費用の相場,"7,480円",円,,yes,546,オンライン英会話が3日で終わっていた私が、予約をやめて続いた90日,https://sakura-eigo.com/online-english-lessons-90-days-success/,"月7,480円で回数無制限、最短5分から（2026年8月7日時点）",出典（エージェント・公的機関の公表値）＋確認日,
費用の相場,"7,480円",円,,yes,546,オンライン英会話が3日で終わっていた私が、予約をやめて続いた90日,https://sakura-eigo.com/online-english-lessons-90-days-success/,"2026年8月7日時点で公式サイト（nativecamp.net）に載っている個人向けプレミアムプランは、通常月額7,480円（税込）、年間割引オプションを使うと月6,800円だった。",出典（エージェント・公的機関の公表値）＋確認日,
費用の相場,"7,480円",円,,,546,オンライン英会話が3日で終わっていた私が、予約をやめて続いた90日,https://sakura-eigo.com/online-english-lessons-90-days-success/,"ここで単純な割り算をしておくと、月7,480円を月20回話せば1回あたり374円、月4回しか話さなければ1回1,870円になる。",出典（エージェント・公的機関の公表値）＋確認日,
費用の相場,7万21000円,円,,,235,帰国後も動き続ける仕組みを、セブ1ヶ月で作れるか、27歳の私が記事に見つけられな,https://sakura-eigo.com/%e3%80%8c%e3%82%bb%e3%83%96%e5%b3%b6%e7%95%99%e5%ad%a6-1%e3%83%b6%e6%9c%88-%e4%bd%93%e9%a8%93%e3%80%8d%e3%81%a7%e4%b8%a6%e3%81%b6%e8%b2%bb%e7%94%a8%e3%83%bb%e3%82%b9%e3%82%b1%e3%82%b8%e3%83%a5/,ここに帰国後のオンライン英会話を1年続けると、月61000円として年間7万21000円。,出典（エージェント・公的機関の公表値）＋確認日,
費用の相場,"9,800円",円,,yes,546,オンライン英会話が3日で終わっていた私が、予約をやめて続いた90日,https://sakura-eigo.com/online-english-lessons-90-days-success/,"もう1つ、ネイティブの講師を指名して受けたいなら、2026年8月7日時点で月9,800円の「ネイティブ受け放題オプション」を足す必要があり、日時や講師を指定して予約する場合も別途コインが要る。",出典（エージェント・公的機関の公表値）＋確認日,
費用の相場,900円,円,,,310,無料・低価格の英語アプリで足りる人と、足りない人の分かれ目,https://sakura-eigo.com/cheap-english-learning-apps-free/,"月900円、月1,000円、無料プランあり。",出典（エージェント・公的機関の公表値）＋確認日,
費用の相場,900円,円,,,310,無料・低価格の英語アプリで足りる人と、足りない人の分かれ目,https://sakura-eigo.com/cheap-english-learning-apps-free/,例として、月900円のアプリを半年使い、その間に発話の練習が20回できたと仮定して試算する。,出典（エージェント・公的機関の公表値）＋確認日,
費用の相場,900円,円,,,310,無料・低価格の英語アプリで足りる人と、足りない人の分かれ目,https://sakura-eigo.com/cheap-english-learning-apps-free/,"900円×6ヶ月で5,400円、これを20回で割ると1回あたり270円になる。",出典（エージェント・公的機関の公表値）＋確認日,
費用の見積もり_一人称,20万,万,,,305,TOEIC600点より先に、初日の薬局で症状を伝えられるか確かめる,https://sakura-eigo.com/working-holiday-english-level-needed/,70万を1年ぶんまとめて賭けるより、まず20万で「私は逃げずに口を動かせるか」を試す。,本人の試算か、他所の数字かを確かめる,
費用の見積もり_一人称,40万,万,,,235,帰国後も動き続ける仕組みを、セブ1ヶ月で作れるか、27歳の私が記事に見つけられな,https://sakura-eigo.com/%e3%80%8c%e3%82%bb%e3%83%96%e5%b3%b6%e7%95%99%e5%ad%a6-1%e3%83%b6%e6%9c%88-%e4%bd%93%e9%a8%93%e3%80%8d%e3%81%a7%e4%b8%a6%e3%81%b6%e8%b2%bb%e7%94%a8%e3%83%bb%e3%82%b9%e3%82%b1%e3%82%b8%e3%83%a5/,帰国した7月の私が、また「振られなくてよかった」と思う側にいるなら、40万は10月の私を7月に運んだだけになる。,本人の試算か、他所の数字かを確かめる,
費用の見積もり_一人称,40万,万,,,235,帰国後も動き続ける仕組みを、セブ1ヶ月で作れるか、27歳の私が記事に見つけられな,https://sakura-eigo.com/%e3%80%8c%e3%82%bb%e3%83%96%e5%b3%b6%e7%95%99%e5%ad%a6-1%e3%83%b6%e6%9c%88-%e4%bd%93%e9%a8%93%e3%80%8d%e3%81%a7%e4%b8%a6%e3%81%b6%e8%b2%bb%e7%94%a8%e3%83%bb%e3%82%b9%e3%82%b1%e3%82%b8%e3%83%a5/,40万の契約の前に、2週間だけ自分で回してみる小さな検証,本人の試算か、他所の数字かを確かめる,
費用の見積もり_一人称,70万,万,,,305,TOEIC600点より先に、初日の薬局で症状を伝えられるか確かめる,https://sakura-eigo.com/working-holiday-english-level-needed/,70万を1年ぶんまとめて賭けるより、まず20万で「私は逃げずに口を動かせるか」を試す。,本人の試算か、他所の数字かを確かめる,
費用の見積もり_一人称,0円,円,,,18,留学エージェントのおすすめを18社比較し続ける限り、あなたは一生出発しない,https://sakura-eigo.com/%e7%95%99%e5%ad%a6%e3%82%a8%e3%83%bc%e3%82%b8%e3%82%a7%e3%83%b3%e3%83%88%e3%81%ae%e3%81%8a%e3%81%99%e3%81%99%e3%82%81%e3%82%9218%e7%a4%be%e6%af%94%e8%bc%83%e3%81%97%e7%b6%9a%e3%81%91%e3%82%8b%e9%99%90/,手数料0円のエージェントを見つけると、私は反射的に安心した。,本人の試算か、他所の数字かを確かめる,
費用の見積もり_一人称,10万円,円,,,67,帰国後の床がないまま、5校を比べた2ヶ月を捨てた,https://sakura-eigo.com/%e3%80%8c%e3%83%95%e3%82%a3%e3%83%aa%e3%83%94%e3%83%b3%e7%95%99%e5%ad%a6-%e7%a4%be%e4%bc%9a%e4%ba%ba-%e3%81%8a%e3%81%99%e3%81%99%e3%82%81%e3%80%8d%e3%81%a7%e4%b8%a6%e3%81%b6%e5%ae%89%e3%81%84/,費用の10万円差でも、コマ数の2つの差でもなく、帰った後に自分を机に向かわせる予定があるかどうか。,本人の試算か、他所の数字かを確かめる,
費用の見積もり_一人称,15万円,円,,,137,卒業当日の155点は、コーチが消えた4ヶ月目には残らない。15万円を払う前に見る,https://sakura-eigo.com/%e3%80%8c%e8%8b%b1%e8%aa%9e%e3%82%b3%e3%83%bc%e3%83%81%e3%83%b3%e3%82%b0-3%e3%83%b6%e6%9c%88-%e5%8a%b9%e6%9e%9c-%e4%bd%93%e9%a8%93%e8%ab%87%e3%80%8d%e3%81%ab%e4%b8%a6%e3%81%b6toeic155%e7%82%b9/,私が15万円で買おうとしているのは、上がった瞬間の写真なのか、それとも半年後の自分に残っている何かなのか。,本人の試算か、他所の数字かを確かめる,
費用の見積もり_一人称,15万円,円,,,137,卒業当日の155点は、コーチが消えた4ヶ月目には残らない。15万円を払う前に見る,https://sakura-eigo.com/%e3%80%8c%e8%8b%b1%e8%aa%9e%e3%82%b3%e3%83%bc%e3%83%81%e3%83%b3%e3%82%b0-3%e3%83%b6%e6%9c%88-%e5%8a%b9%e6%9e%9c-%e4%bd%93%e9%a8%93%e8%ab%87%e3%80%8d%e3%81%ab%e4%b8%a6%e3%81%b6toeic155%e7%82%b9/,ただ、机の前で7本の記事を読んで155点に見とれている今の私より、逃げ場のない環境で自分が英語をどれだけ続けられる人間なのかを一度テストしたほうが、15万円の使い道を決める材料になる。,本人の試算か、他所の数字かを確かめる,
費用の見積もり_一人称,25万円,円,,,67,帰国後の床がないまま、5校を比べた2ヶ月を捨てた,https://sakura-eigo.com/%e3%80%8c%e3%83%95%e3%82%a3%e3%83%aa%e3%83%94%e3%83%b3%e7%95%99%e5%ad%a6-%e7%a4%be%e4%bc%9a%e4%ba%ba-%e3%81%8a%e3%81%99%e3%81%99%e3%82%81%e3%80%8d%e3%81%a7%e4%b8%a6%e3%81%b6%e5%ae%89%e3%81%84/,だったら、25万円を出す前にこの2週間で自分を試したほうが安い。,本人の試算か、他所の数字かを確かめる,
費用の見積もり_一人称,25万円,円,,,42,来週の会議で要る数10文だけを、1000時間の準備から取り出す,https://sakura-eigo.com/%e3%80%8c%e4%bb%95%e4%ba%8b-%e8%8b%b1%e8%aa%9e-%e5%bf%85%e8%a6%81-%e3%81%aa%e3%81%ae%e3%81%ab-%e3%81%a7%e3%81%8d%e3%81%aa%e3%81%84%e3%80%8d%e3%81%a7%e4%b8%a6%e3%81%b6%e5%bf%83%e3%81%ae%e6%8c%81/,25万円かけて通ったスクールでも、私はほとんど先生の話を聞いていた。,本人の試算か、他所の数字かを確かめる,
費用の見積もり_一人称,30万円,円,,,18,留学エージェントのおすすめを18社比較し続ける限り、あなたは一生出発しない,https://sakura-eigo.com/%e7%95%99%e5%ad%a6%e3%82%a8%e3%83%bc%e3%82%b8%e3%82%a7%e3%83%b3%e3%83%88%e3%81%ae%e3%81%8a%e3%81%99%e3%81%99%e3%82%81%e3%82%9218%e7%a4%be%e6%af%94%e8%bc%83%e3%81%97%e7%b6%9a%e3%81%91%e3%82%8b%e9%99%90/,比較表に並んだ「留学費用の目安30万円〜」という表記を、私は何10回も眺めた。,本人の試算か、他所の数字かを確かめる,
費用の見積もり_一人称,4万円,円,,,18,留学エージェントのおすすめを18社比較し続ける限り、あなたは一生出発しない,https://sakura-eigo.com/%e7%95%99%e5%ad%a6%e3%82%a8%e3%83%bc%e3%82%b8%e3%82%a7%e3%83%b3%e3%83%88%e3%81%ae%e3%81%8a%e3%81%99%e3%81%99%e3%82%81%e3%82%9218%e7%a4%be%e6%af%94%e8%bc%83%e3%81%97%e7%b6%9a%e3%81%91%e3%82%8b%e9%99%90/,私は27歳で、営業事務の給料から毎月4万円を積み立てて、退職のタイミングまで自分で決めなければいけない。,本人の試算か、他所の数字かを確かめる,
費用の見積もり_一人称,57万円,円,,,138,3ヶ月57万の英語コーチング、卒業後に何ヶ月残るか誰も教えてくれない,https://sakura-eigo.com/%e3%80%8c%e8%8b%b1%e8%aa%9e%e3%82%b3%e3%83%bc%e3%83%81%e3%83%b3%e3%82%b0-%e6%96%99%e9%87%91-%e6%af%94%e8%bc%83-2024%e3%80%8d%e3%81%a7%e4%b8%a6%e3%81%b63%e3%83%b6%e6%9c%8857%e4%b8%87%e3%83%bb%e6%9c%881/,3ヶ月で57万円という数字を、私は電卓に打ち込んでみたことがある。,本人の試算か、他所の数字かを確かめる,
費用の見積もり_一人称,60万円,円,,,61,同期の年収が60万円上がった理由を、私はモチベで探していた,https://sakura-eigo.com/%e3%80%8c%e8%8b%b1%e8%aa%9e-%e5%8b%89%e5%bc%b7-%e3%83%a2%e3%83%81%e3%83%99-%e4%b8%8a%e3%81%92%e3%82%8b-%e6%96%b9%e6%b3%95%e3%80%8d%e3%81%a7%e4%b8%a6%e3%81%b6%e7%9b%ae%e6%a8%99%e8%a8%ad%e5%ae%9a/,同期の60万円と、私が探しているやる気の間には、どうつなげても線が引けなかった。,本人の試算か、他所の数字かを確かめる,
費用の見積もり_一人称,60万円,円,,,61,同期の年収が60万円上がった理由を、私はモチベで探していた,https://sakura-eigo.com/%e3%80%8c%e8%8b%b1%e8%aa%9e-%e5%8b%89%e5%bc%b7-%e3%83%a2%e3%83%81%e3%83%99-%e4%b8%8a%e3%81%92%e3%82%8b-%e6%96%b9%e6%b3%95%e3%80%8d%e3%81%a7%e4%b8%a6%e3%81%b6%e7%9b%ae%e6%a8%99%e8%a8%ad%e5%ae%9a/,同期の60万円が熱量の差ではなかったと分かってから、私のやることは一気に減った。,本人の試算か、他所の数字かを確かめる,
一般_データ,2ヶ月,ヶ月,,,64,卒業後も残る締め切りが、月謝25万円より先に必要だった,https://sakura-eigo.com/%e3%80%8c%e8%8b%b1%e8%aa%9e%e3%82%b3%e3%83%bc%e3%83%81%e3%83%b3%e3%82%b0-%e6%8c%ab%e6%8a%98-%e3%81%97%e3%81%aa%e3%81%84-%e6%96%b9%e6%b3%95%e3%80%8d%e3%81%a7%e4%b8%a6%e3%81%b6%e7%9b%ae%e6%a8%99/,あの2ヶ月間、私は誰にも言われず英文法の本を開いた。,出典（研究・統計の一次情報）,
一般_データ,1人,人,,,151,「意味ない」を5回検索する前に、私が問うべき1つのこと,https://sakura-eigo.com/%e3%80%8c%e8%8b%b1%e8%aa%9e%e3%82%b3%e3%83%bc%e3%83%81%e3%83%b3%e3%82%b0-%e6%84%8f%e5%91%b3%e3%81%aa%e3%81%84%e3%80%8d%e3%81%a7%e4%b8%a6%e3%81%b6%e9%ab%98%e3%81%84%e3%83%bb%e7%b5%90%e5%b1%80/,商品が一般的に効くかどうかと、消耗すると1人でやめてしまう私に効くかどうかは、まったく別の問いだ。,出典（研究・統計の一次情報）,
一般_データ,25分,分,,,241,「正しい順番」を15分×4回やっても、反応が返らない一人では化石化する,https://sakura-eigo.com/second-language-acquisition-theory-gap/,1回25分の会話で、私は自分の穴を平均で4つか5つ見つけられた。,出典（研究・統計の一次情報）,
一般_データ,10回,回,,,18,留学エージェントのおすすめを18社比較し続ける限り、あなたは一生出発しない,https://sakura-eigo.com/%e7%95%99%e5%ad%a6%e3%82%a8%e3%83%bc%e3%82%b8%e3%82%a7%e3%83%b3%e3%83%88%e3%81%ae%e3%81%8a%e3%81%99%e3%81%99%e3%82%81%e3%82%9218%e7%a4%be%e6%af%94%e8%bc%83%e3%81%97%e7%b6%9a%e3%81%91%e3%82%8b%e9%99%90/,比較表に並んだ「留学費用の目安30万円〜」という表記を、私は何10回も眺めた。,出典（研究・統計の一次情報）,
一般_データ,1回,回,,,241,「正しい順番」を15分×4回やっても、反応が返らない一人では化石化する,https://sakura-eigo.com/second-language-acquisition-theory-gap/,1回25分の会話で、私は自分の穴を平均で4つか5つ見つけられた。,出典（研究・統計の一次情報）,
一般_データ,5年間,年間,,,136,IELTS6.5に一度触れて、中学レベルに縮める記事を5年読んできた私,https://sakura-eigo.com/%e3%80%8c%e6%b5%b7%e5%a4%96%e7%a7%bb%e4%bd%8f-%e6%ba%96%e5%82%99-%e8%8b%b1%e8%aa%9e%e3%81%a7%e3%81%8d%e3%81%aa%e3%81%84%e3%80%8d%e3%81%ab%e4%b8%a6%e3%81%b6%e8%8b%b1%e8%aa%9e%e3%81%a7%e3%81%8d/,「必要な英語力の目安」の表を見て安心した5年間が、いちばんの遠回りだった,出典（研究・統計の一次情報）,
一般_データ,1000時間,時間,,,136,IELTS6.5に一度触れて、中学レベルに縮める記事を5年読んできた私,https://sakura-eigo.com/%e3%80%8c%e6%b5%b7%e5%a4%96%e7%a7%bb%e4%bd%8f-%e6%ba%96%e5%82%99-%e8%8b%b1%e8%aa%9e%e3%81%a7%e3%81%8d%e3%81%aa%e3%81%84%e3%80%8d%e3%81%ab%e4%b8%a6%e3%81%b6%e8%8b%b1%e8%aa%9e%e3%81%a7%e3%81%8d/,そこから逆算すると、IELTS6.5に届くには一般に600時間から1000時間の学習が要ると言われている。,出典（研究・統計の一次情報）,
一般_データ,600時間,時間,,,136,IELTS6.5に一度触れて、中学レベルに縮める記事を5年読んできた私,https://sakura-eigo.com/%e3%80%8c%e6%b5%b7%e5%a4%96%e7%a7%bb%e4%bd%8f-%e6%ba%96%e5%82%99-%e8%8b%b1%e8%aa%9e%e3%81%a7%e3%81%8d%e3%81%aa%e3%81%84%e3%80%8d%e3%81%ab%e4%b8%a6%e3%81%b6%e8%8b%b1%e8%aa%9e%e3%81%a7%e3%81%8d/,そこから逆算すると、IELTS6.5に届くには一般に600時間から1000時間の学習が要ると言われている。,出典（研究・統計の一次情報）,
一般_データ,30歳,歳,,,287,67.4%が伸びた週3と、25分黙ったままの毎日。何が違うのか,https://sakura-eigo.com/english-conversation-daily-effectiveness/,私は自分の30歳というタイムリミットを正直に伝えて、逆算の目安をもらった。,出典（研究・統計の一次情報）,
一般_データ,3週間,週間,,,19,「英語 独学 社会人 方法」を10個集めても話せない人が、本当に欠いている1つの,https://sakura-eigo.com/%e3%80%8c%e8%8b%b1%e8%aa%9e-%e7%8b%ac%e5%ad%a6-%e7%a4%be%e4%bc%9a%e4%ba%ba-%e6%96%b9%e6%b3%95%e3%80%8d%e3%82%9210%e5%80%8b%e9%9b%86%e3%82%81%e3%81%a6%e3%82%82%e8%a9%b1%e3%81%9b%e3%81%aa%e3%81%84/,会社の外国人取引先に電話を代わってと言われて、フリーズしたのは3週間前のことだ。,出典（研究・統計の一次情報）,
仮定・試算,120万円,円,,,149,カナダ ワーホリの費用は3つの箱で出す｜まとめ記事に載らない項目,https://sakura-eigo.com/%e3%80%8c%e3%82%ab%e3%83%8a%e3%83%80-%e3%83%af%e3%83%bc%e3%83%9b%e3%83%aa-%e8%b2%bb%e7%94%a8-2024%e3%80%8d%e3%81%a7%e4%b8%a6%e3%81%b6150%e4%b8%87%e3%83%bb250%e4%b8%87%e3%81%ae%e8%a6%8b%e7%a9%8d/,仮に①が120万円、②が現地の生活費15万円×3ヶ月で45万円、③が日本の固定費3万円×12ヶ月で36万円。,確認不要（事実主張ではない）。ただし前提の数字は要確認,
仮定・試算,120万円,円,,,37,半年の留学にいくらかかるか｜休職と退職を金額で比べる手順,https://sakura-eigo.com/%e3%80%8c%e7%95%99%e5%ad%a6-%e7%a4%be%e4%bc%9a%e4%ba%ba-%e8%b2%bb%e7%94%a8-%e7%8f%be%e5%ae%9f%e3%80%8d%e3%81%a7%e5%87%ba%e3%81%a6%e3%81%8f%e3%82%8b120%e4%b8%87%e5%86%86%e3%81%a8%e3%81%84%e3%81%86/,仮に費用が120万円、手取りが月20万円だとする。,確認不要（事実主張ではない）。ただし前提の数字は要確認,
仮定・試算,15万円,円,,,149,カナダ ワーホリの費用は3つの箱で出す｜まとめ記事に載らない項目,https://sakura-eigo.com/%e3%80%8c%e3%82%ab%e3%83%8a%e3%83%80-%e3%83%af%e3%83%bc%e3%83%9b%e3%83%aa-%e8%b2%bb%e7%94%a8-2024%e3%80%8d%e3%81%a7%e4%b8%a6%e3%81%b6150%e4%b8%87%e3%83%bb250%e4%b8%87%e3%81%ae%e8%a6%8b%e7%a9%8d/,仮に①が120万円、②が現地の生活費15万円×3ヶ月で45万円、③が日本の固定費3万円×12ヶ月で36万円。,確認不要（事実主張ではない）。ただし前提の数字は要確認,
仮定・試算,"2,600円",円,,,315,セブ島留学の学校を選ぶ4つの確認項目｜コマ数より復習の余白,https://sakura-eigo.com/cebu-island-one-month-study-abroad/,"例として、4週間の授業が約117時間で授業料が30万円だとすると、1時間あたり約2,600円になる（試算）。",確認不要（事実主張ではない）。ただし前提の数字は要確認,
仮定・試算,2000円,円,,,241,「正しい順番」を15分×4回やっても、反応が返らない一人では化石化する,https://sakura-eigo.com/second-language-acquisition-theory-gap/,私が去年溶かした金額を思えば、週2回でも月に2000円前後で反応が買える計算になる。,確認不要（事実主張ではない）。ただし前提の数字は要確認,
仮定・試算,200円,円,,,310,無料・低価格の英語アプリで足りる人と、足りない人の分かれ目,https://sakura-eigo.com/cheap-english-learning-apps-free/,"仮に月5,000円で、半年のあいだに150回話す機会があったとすると、30,000円÷150回で1回200円だ。",確認不要（事実主張ではない）。ただし前提の数字は要確認,
仮定・試算,20万円,円,,,272,フィリピン留学の費用を社会人が計算する方法｜表に載らない2つの箱,https://sakura-eigo.com/philippines-study-abroad-adult-costs/,"仮に①が30万円、②が手取り20万円の1ヶ月分、③が家賃と固定費で8万円、④が月5,000円を1年続けるとして6万円。",確認不要（事実主張ではない）。ただし前提の数字は要確認,
仮定・試算,20万円,円,,,37,半年の留学にいくらかかるか｜休職と退職を金額で比べる手順,https://sakura-eigo.com/%e3%80%8c%e7%95%99%e5%ad%a6-%e7%a4%be%e4%bc%9a%e4%ba%ba-%e8%b2%bb%e7%94%a8-%e7%8f%be%e5%ae%9f%e3%80%8d%e3%81%a7%e5%87%ba%e3%81%a6%e3%81%8f%e3%82%8b120%e4%b8%87%e5%86%86%e3%81%a8%e3%81%84%e3%81%86/,仮に費用が120万円、手取りが月20万円だとする。,確認不要（事実主張ではない）。ただし前提の数字は要確認,
仮定・試算,"30,000円",円,,,310,無料・低価格の英語アプリで足りる人と、足りない人の分かれ目,https://sakura-eigo.com/cheap-english-learning-apps-free/,"仮に月5,000円で、半年のあいだに150回話す機会があったとすると、30,000円÷150回で1回200円だ。",確認不要（事実主張ではない）。ただし前提の数字は要確認,
仮定・試算,30万円,円,,,315,セブ島留学の学校を選ぶ4つの確認項目｜コマ数より復習の余白,https://sakura-eigo.com/cebu-island-one-month-study-abroad/,"例として、4週間の授業が約117時間で授業料が30万円だとすると、1時間あたり約2,600円になる（試算）。",確認不要（事実主張ではない）。ただし前提の数字は要確認,
仮定・試算,30万円,円,,,272,フィリピン留学の費用を社会人が計算する方法｜表に載らない2つの箱,https://sakura-eigo.com/philippines-study-abroad-adult-costs/,"仮に①が30万円、②が手取り20万円の1ヶ月分、③が家賃と固定費で8万円、④が月5,000円を1年続けるとして6万円。",確認不要（事実主張ではない）。ただし前提の数字は要確認,
仮定・試算,30万円,円,,,138,3ヶ月57万の英語コーチング、卒業後に何ヶ月残るか誰も教えてくれない,https://sakura-eigo.com/%e3%80%8c%e8%8b%b1%e8%aa%9e%e3%82%b3%e3%83%bc%e3%83%81%e3%83%b3%e3%82%b0-%e6%96%99%e9%87%91-%e6%af%94%e8%bc%83-2024%e3%80%8d%e3%81%a7%e4%b8%a6%e3%81%b63%e3%83%b6%e6%9c%8857%e4%b8%87%e3%83%bb%e6%9c%881/,一方、3ヶ月30万円の安いプランを選んで、卒業後3ヶ月で英語をやめたとする。,確認不要（事実主張ではない）。ただし前提の数字は要確認,
仮定・試算,36万円,円,,,149,カナダ ワーホリの費用は3つの箱で出す｜まとめ記事に載らない項目,https://sakura-eigo.com/%e3%80%8c%e3%82%ab%e3%83%8a%e3%83%80-%e3%83%af%e3%83%bc%e3%83%9b%e3%83%aa-%e8%b2%bb%e7%94%a8-2024%e3%80%8d%e3%81%a7%e4%b8%a6%e3%81%b6150%e4%b8%87%e3%83%bb250%e4%b8%87%e3%81%ae%e8%a6%8b%e7%a9%8d/,仮に①が120万円、②が現地の生活費15万円×3ヶ月で45万円、③が日本の固定費3万円×12ヶ月で36万円。,確認不要（事実主張ではない）。ただし前提の数字は要確認,
仮定・試算,3万円,円,,,149,カナダ ワーホリの費用は3つの箱で出す｜まとめ記事に載らない項目,https://sakura-eigo.com/%e3%80%8c%e3%82%ab%e3%83%8a%e3%83%80-%e3%83%af%e3%83%bc%e3%83%9b%e3%83%aa-%e8%b2%bb%e7%94%a8-2024%e3%80%8d%e3%81%a7%e4%b8%a6%e3%81%b6150%e4%b8%87%e3%83%bb250%e4%b8%87%e3%81%ae%e8%a6%8b%e7%a9%8d/,仮に①が120万円、②が現地の生活費15万円×3ヶ月で45万円、③が日本の固定費3万円×12ヶ月で36万円。,確認不要（事実主張ではない）。ただし前提の数字は要確認,
仮定・試算,45万円,円,,,149,カナダ ワーホリの費用は3つの箱で出す｜まとめ記事に載らない項目,https://sakura-eigo.com/%e3%80%8c%e3%82%ab%e3%83%8a%e3%83%80-%e3%83%af%e3%83%bc%e3%83%9b%e3%83%aa-%e8%b2%bb%e7%94%a8-2024%e3%80%8d%e3%81%a7%e4%b8%a6%e3%81%b6150%e4%b8%87%e3%83%bb250%e4%b8%87%e3%81%ae%e8%a6%8b%e7%a9%8d/,仮に①が120万円、②が現地の生活費15万円×3ヶ月で45万円、③が日本の固定費3万円×12ヶ月で36万円。,確認不要（事実主張ではない）。ただし前提の数字は要確認,
仮定・試算,"5,000円",円,,,310,無料・低価格の英語アプリで足りる人と、足りない人の分かれ目,https://sakura-eigo.com/cheap-english-learning-apps-free/,"仮に月5,000円で、半年のあいだに150回話す機会があったとすると、30,000円÷150回で1回200円だ。",確認不要（事実主張ではない）。ただし前提の数字は要確認,
仮定・試算,"5,000円",円,,,272,フィリピン留学の費用を社会人が計算する方法｜表に載らない2つの箱,https://sakura-eigo.com/philippines-study-abroad-adult-costs/,"仮に①が30万円、②が手取り20万円の1ヶ月分、③が家賃と固定費で8万円、④が月5,000円を1年続けるとして6万円。",確認不要（事実主張ではない）。ただし前提の数字は要確認,
仮定・試算,57万円,円,,,138,3ヶ月57万の英語コーチング、卒業後に何ヶ月残るか誰も教えてくれない,https://sakura-eigo.com/%e3%80%8c%e8%8b%b1%e8%aa%9e%e3%82%b3%e3%83%bc%e3%83%81%e3%83%b3%e3%82%b0-%e6%96%99%e9%87%91-%e6%af%94%e8%bc%83-2024%e3%80%8d%e3%81%a7%e4%b8%a6%e3%81%b63%e3%83%b6%e6%9c%8857%e4%b8%87%e3%83%bb%e6%9c%881/,3ヶ月57万円のコーチングを受けて、卒業後3年、つまり36ヶ月間、毎朝25分を続けられたとする。,確認不要（事実主張ではない）。ただし前提の数字は要確認,
仮定・試算,6万円,円,,,272,フィリピン留学の費用を社会人が計算する方法｜表に載らない2つの箱,https://sakura-eigo.com/philippines-study-abroad-adult-costs/,"仮に①が30万円、②が手取り20万円の1ヶ月分、③が家賃と固定費で8万円、④が月5,000円を1年続けるとして6万円。",確認不要（事実主張ではない）。ただし前提の数字は要確認,
仮定・試算,8万円,円,,,272,フィリピン留学の費用を社会人が計算する方法｜表に載らない2つの箱,https://sakura-eigo.com/philippines-study-abroad-adult-costs/,"仮に①が30万円、②が手取り20万円の1ヶ月分、③が家賃と固定費で8万円、④が月5,000円を1年続けるとして6万円。",確認不要（事実主張ではない）。ただし前提の数字は要確認,
仮定・試算,450点,点,,,137,卒業当日の155点は、コーチが消えた4ヶ月目には残らない。15万円を払う前に見る,https://sakura-eigo.com/%e3%80%8c%e8%8b%b1%e8%aa%9e%e3%82%b3%e3%83%bc%e3%83%81%e3%83%b3%e3%82%b0-3%e3%83%b6%e6%9c%88-%e5%8a%b9%e6%9e%9c-%e4%bd%93%e9%a8%93%e8%ab%87%e3%80%8d%e3%81%ab%e4%b8%a6%e3%81%b6toeic155%e7%82%b9/,体験談に載る成功者、たとえば営業職28歳のAさんが450点から605点に届いたという話。,確認不要（事実主張ではない）。ただし前提の数字は要確認,
仮定・試算,605点,点,,,137,卒業当日の155点は、コーチが消えた4ヶ月目には残らない。15万円を払う前に見る,https://sakura-eigo.com/%e3%80%8c%e8%8b%b1%e8%aa%9e%e3%82%b3%e3%83%bc%e3%83%81%e3%83%b3%e3%82%b0-3%e3%83%b6%e6%9c%88-%e5%8a%b9%e6%9e%9c-%e4%bd%93%e9%a8%93%e8%ab%87%e3%80%8d%e3%81%ab%e4%b8%a6%e3%81%b6toeic155%e7%82%b9/,体験談に載る成功者、たとえば営業職28歳のAさんが450点から605点に届いたという話。,確認不要（事実主張ではない）。ただし前提の数字は要確認,
