post_id,url,title,deliverable,main_program,sub_program,cta_count,sources,blockers,http,canonical,noindex,eyecatch
18,https://sakura-eigo.com/%e7%95%99%e5%ad%a6%e3%82%a8%e3%83%bc%e3%82%b8%e3%82%a7%e3%83%b3%e3%83%88%e3%81%ae%e3%81%8a%e3%81%99%e3%81%99%e3%82%81%e3%82%9218%e7%a4%be%e6%af%94%e8%bc%83%e3%81%97%e7%b6%9a%e3%81%91%e3%82%8b%e9%99%90/,留学エージェントの比較が終わらないなら、出発月を先に置く,出発月からの逆算カレンダー,ネイティブキャンプ留学,留学情報館,2,nativecamp.net / ryugaku-johokan.com,0,200,自己参照,なし,https://sakura-eigo.com/wp-content/uploads/2026/08/eyecatch-18.png
19,https://sakura-eigo.com/%e3%80%8c%e8%8b%b1%e8%aa%9e-%e7%8b%ac%e5%ad%a6-%e7%a4%be%e4%bc%9a%e4%ba%ba-%e6%96%b9%e6%b3%95%e3%80%8d%e3%82%9210%e5%80%8b%e9%9b%86%e3%82%81%e3%81%a6%e3%82%82%e8%a9%b1%e3%81%9b%e3%81%aa%e3%81%84/,英語の独学が実らないのは、入力・出力・矯正のどれかが0だから,入力・出力・矯正の3列表,スパトレ,スタディサプリ 新日常英会話,2,eigosapuri.jp / sptr.jp,0,200,自己参照,なし,https://sakura-eigo.com/wp-content/uploads/2026/08/eyecatch-19.png
23,https://sakura-eigo.com/%e3%80%8c%e3%83%af%e3%83%bc%e3%83%9b%e3%83%aa-%e8%b2%af%e9%87%91-%e3%81%84%e3%81%8f%e3%82%89%e5%bf%85%e8%a6%81%e3%80%8d%e3%81%a7%e5%87%ba%e3%81%9f200%e4%b8%87%e3%81%ab%e6%80%af%e3%81%88%e3%81%a6/,ワーホリの貯金はいくら必要か｜200万を自分の数字に組み替える,（全面再構成の対象外）,ネイティブキャンプ留学,留学情報館,2,nativecamp.net / ryugaku-johokan.com,0,200,自己参照,なし,https://sakura-eigo.com/wp-content/uploads/2026/06/74b9063a-dc86-40e6-b53c-87d44d0498df.png
27,https://sakura-eigo.com/%e3%80%8c%e8%8b%b1%e8%aa%9e-%e3%83%9a%e3%83%a9%e3%83%9a%e3%83%a9-%e3%81%ab%e3%81%aa%e3%82%8b-%e6%9c%9f%e9%96%93%e3%80%8d%e3%81%a7%e5%87%ba%e3%82%8b2000%e6%99%82%e9%96%93%e3%83%bb2%e5%b9%b4/,英語に何時間かかるかは、自分の用途を絞ってから計算する,用途の絞り込みシート,ネイティブキャンプ留学,留学情報館,2,nativecamp.net / ryugaku-johokan.com,0,200,自己参照,なし,https://sakura-eigo.com/wp-content/uploads/2026/08/eyecatch-27.png
28,https://sakura-eigo.com/%e3%80%8c%e8%8b%b1%e4%bc%9a%e8%a9%b1-%e4%b8%8a%e9%81%94-%e3%81%97%e3%81%aa%e3%81%84-%e7%90%86%e7%94%b1%e3%80%8d%e3%81%a7%e5%87%ba%e3%82%8b8%e5%80%8b%e3%81%ae%e3%83%aa%e3%82%b9%e3%83%88%e3%82%92/,英会話が上達しない8つの理由は、1本の鎖として並べ直す,手間と実感の差し引き表,QQ English,ネイティブキャンプ,2,nativecamp.net / qqeng.com,0,200,自己参照,なし,https://sakura-eigo.com/wp-content/uploads/2026/08/eyecatch-28.png
32,https://sakura-eigo.com/%e3%80%8ctoeic-500%e7%82%b9-%e3%81%8b%e3%82%89-%e4%b8%8a%e3%81%92%e3%82%8b-%e6%96%b9%e6%b3%95%e3%80%8d%e3%81%a7%e5%87%ba%e3%82%8b%e5%8f%82%e8%80%83%e6%9b%b8%e3%81%a8200%e6%99%82%e9%96%93%e3%82%92/,TOEIC500点から上げる勉強法｜最初に確認したい4つのこと,（全面再構成の対象外）,speek,スパトレ,2,iibc-global.org / speek.jp / sptr.jp,0,200,自己参照,なし,https://sakura-eigo.com/wp-content/uploads/2026/08/toeic-500-200.png
33,https://sakura-eigo.com/%e3%80%8c%e3%83%93%e3%82%b8%e3%83%8d%e3%82%b9%e8%8b%b1%e8%aa%9e-%e5%8b%89%e5%bc%b7%e6%b3%95-%e7%a4%be%e4%bc%9a%e4%ba%ba%e3%80%8d%e3%81%a7%e5%87%ba%e3%82%8b%e5%ae%9a%e5%9e%8b%e8%a1%a8%e7%8f%be%e3%82%92/,仕事の英語の電話は、職務の10場面を頻度順に並べて上位3つを固める,職務10場面の頻度順表＋英文の型,QQ English,ネイティブキャンプ,2,nativecamp.net / qqeng.com,0,200,自己参照,なし,https://sakura-eigo.com/wp-content/uploads/2026/08/eyecatch-33.png
37,https://sakura-eigo.com/%e3%80%8c%e7%95%99%e5%ad%a6-%e7%a4%be%e4%bc%9a%e4%ba%ba-%e8%b2%bb%e7%94%a8-%e7%8f%be%e5%ae%9f%e3%80%8d%e3%81%a7%e5%87%ba%e3%81%a6%e3%81%8f%e3%82%8b120%e4%b8%87%e5%86%86%e3%81%a8%e3%81%84%e3%81%86/,半年の留学にいくらかかるか｜休職と退職を金額で比べる手順,（全面再構成の対象外）,ネイティブキャンプ留学,留学情報館,2,nativecamp.net / ryugaku-johokan.com,0,200,自己参照,なし,https://sakura-eigo.com/wp-content/uploads/2026/08/eyecatch-37.png
40,https://sakura-eigo.com/%e3%80%8c%e7%95%99%e5%ad%a6%e3%82%a8%e3%83%bc%e3%82%b8%e3%82%a7%e3%83%b3%e3%83%88-%e7%84%a1%e6%96%99-%e4%bb%95%e7%b5%84%e3%81%bf%e3%80%8d%e3%81%a7%e5%87%ba%e3%81%a6%e3%81%8f%e3%82%8b%e5%ad%a6/,無料の留学エージェントに相談する前に｜手数料の仕組みと聞く3つの質問,（全面再構成の対象外）,留学情報館,（なし）,1,ryugaku-johokan.com,0,200,自己参照,なし,https://sakura-eigo.com/wp-content/uploads/2026/08/eyecatch-40.png
41,https://sakura-eigo.com/%e3%80%8c%e8%8b%b1%e4%bc%9a%e8%a9%b1-%e7%b6%9a%e3%81%8b%e3%81%aa%e3%81%84-%e8%a7%a3%e6%b1%ba%e7%ad%96%e3%80%8d%e3%81%a7%e4%b8%a6%e3%81%b6%e7%bf%92%e6%85%a3%e5%8c%96%e3%81%ae%e3%82%b3%e3%83%84/,英会話が続かないなら、体力が枯れた日の最低ラインを先に決める,体力3段階の最低ライン表,スパトレ,スタディサプリ 新日常英会話,2,eigosapuri.jp / sptr.jp,0,200,自己参照,なし,https://sakura-eigo.com/wp-content/uploads/2026/08/eyecatch-41.png
42,https://sakura-eigo.com/%e3%80%8c%e4%bb%95%e4%ba%8b-%e8%8b%b1%e8%aa%9e-%e5%bf%85%e8%a6%81-%e3%81%aa%e3%81%ae%e3%81%ab-%e3%81%a7%e3%81%8d%e3%81%aa%e3%81%84%e3%80%8d%e3%81%a7%e4%b8%a6%e3%81%b6%e5%bf%83%e3%81%ae%e6%8c%81/,仕事の英語で詰まるなら、1000時間より先に「使う十数文」を数える,職務で使う英文9型,QQ English,ネイティブキャンプ,2,nativecamp.net / qqeng.com,0,200,自己参照,なし,https://sakura-eigo.com/wp-content/uploads/2026/08/eyecatch-42.png
61,https://sakura-eigo.com/%e3%80%8c%e8%8b%b1%e8%aa%9e-%e5%8b%89%e5%bc%b7-%e3%83%a2%e3%83%81%e3%83%99-%e4%b8%8a%e3%81%92%e3%82%8b-%e6%96%b9%e6%b3%95%e3%80%8d%e3%81%a7%e4%b8%a6%e3%81%b6%e7%9b%ae%e6%a8%99%e8%a8%ad%e5%ae%9a/,英語のやる気が出ないのは、他人に握られた締切が0本だから,締切の棚卸し表＋求人からスコア逆引き,スパトレ,スタディサプリ 新日常英会話,2,eigosapuri.jp / sptr.jp,0,200,自己参照,なし,https://sakura-eigo.com/wp-content/uploads/2026/08/eyecatch-61.png
64,https://sakura-eigo.com/%e3%80%8c%e8%8b%b1%e8%aa%9e%e3%82%b3%e3%83%bc%e3%83%81%e3%83%b3%e3%82%b0-%e6%8c%ab%e6%8a%98-%e3%81%97%e3%81%aa%e3%81%84-%e6%96%b9%e6%b3%95%e3%80%8d%e3%81%a7%e4%b8%a6%e3%81%b6%e7%9b%ae%e6%a8%99/,英語コーチングを契約する前に、卒業後に残るものを聞く12の質問,契約前に投げる12の質問,ネイティブキャンプ留学,留学情報館,2,nativecamp.net / ryugaku-johokan.com,0,200,自己参照,なし,https://sakura-eigo.com/wp-content/uploads/2026/08/eyecatch-64.png
67,https://sakura-eigo.com/%e3%80%8c%e3%83%95%e3%82%a3%e3%83%aa%e3%83%94%e3%83%b3%e7%95%99%e5%ad%a6-%e7%a4%be%e4%bc%9a%e4%ba%ba-%e3%81%8a%e3%81%99%e3%81%99%e3%82%81%e3%80%8d%e3%81%a7%e4%b8%a6%e3%81%b6%e5%ae%89%e3%81%84/,フィリピン留学を申し込む前に、帰国後4週間の予定を埋める,帰国後4週間シート,ネイティブキャンプ留学,フィリピン留学ナビ,2,nativecamp.net,0,200,自己参照,なし,https://sakura-eigo.com/wp-content/uploads/2026/08/eyecatch-67.png
117,https://sakura-eigo.com/%e3%80%8c%e8%8b%b1%e8%aa%9e-%e3%82%bc%e3%83%ad%e3%81%8b%e3%82%89-%e7%a4%be%e4%bc%9a%e4%ba%ba-%e3%81%a9%e3%81%ae%e3%81%8f%e3%82%89%e3%81%84%e3%80%8d%e3%81%ab%e4%b8%a6%e3%81%b61000%e6%99%82%e9%96%93/,英語をゼロから始めるとき、今日やった分に明日の出番を1つ付ける,明日の出番を作る出口リスト,スパトレ,ネイティブキャンプ,2,nativecamp.net / sptr.jp,0,200,自己参照,なし,https://sakura-eigo.com/wp-content/uploads/2026/08/eyecatch-117.png
131,https://sakura-eigo.com/%e3%80%8c%e3%82%aa%e3%83%bc%e3%82%b9%e3%83%88%e3%83%a9%e3%83%aa%e3%82%a2-%e3%83%af%e3%83%bc%e3%83%9b%e3%83%aa-%e8%b2%bb%e7%94%a8-%e3%83%aa%e3%82%a2%e3%83%ab%e3%80%8d%e3%81%ab%e4%b8%a6%e3%81%b6/,ワーホリの貯金額より先に決めたい、収入が始まるまでの月数,（全面再構成の対象外）,ネイティブキャンプ留学,留学情報館,2,nativecamp.net / ryugaku-johokan.com,0,200,自己参照,なし,https://sakura-eigo.com/wp-content/uploads/2026/08/eyecatch-131.png
136,https://sakura-eigo.com/%e3%80%8c%e6%b5%b7%e5%a4%96%e7%a7%bb%e4%bd%8f-%e6%ba%96%e5%82%99-%e8%8b%b1%e8%aa%9e%e3%81%a7%e3%81%8d%e3%81%aa%e3%81%84%e3%80%8d%e3%81%ab%e4%b8%a6%e3%81%b6%e8%8b%b1%e8%aa%9e%e3%81%a7%e3%81%8d/,「英語できなくても移住できる」は、入口を越えたあとの話,入口の手前／入口／入ったあとの3段表,ネイティブキャンプ留学,留学情報館,2,nativecamp.net / ryugaku-johokan.com,0,200,自己参照,なし,https://sakura-eigo.com/wp-content/uploads/2026/06/5B2FD5E5-F69F-4168-9EE5-57AEC7FE48C0.png
137,https://sakura-eigo.com/%e3%80%8c%e8%8b%b1%e8%aa%9e%e3%82%b3%e3%83%bc%e3%83%81%e3%83%b3%e3%82%b0-3%e3%83%b6%e6%9c%88-%e5%8a%b9%e6%9e%9c-%e4%bd%93%e9%a8%93%e8%ab%87%e3%80%8d%e3%81%ab%e4%b8%a6%e3%81%b6toeic155%e7%82%b9/,英語コーチングの体験談は、到達点の写真かその後の傾きかで読み分ける,体験談の読み分けフィルタ,ネイティブキャンプ留学,留学情報館,2,nativecamp.net / ryugaku-johokan.com,0,200,自己参照,なし,https://sakura-eigo.com/wp-content/uploads/2026/06/0317970F-D4B0-4882-ACBB-8B0A728E0184.png
138,https://sakura-eigo.com/%e3%80%8c%e8%8b%b1%e8%aa%9e%e3%82%b3%e3%83%bc%e3%83%81%e3%83%b3%e3%82%b0-%e6%96%99%e9%87%91-%e6%af%94%e8%bc%83-2024%e3%80%8d%e3%81%a7%e4%b8%a6%e3%81%b63%e3%83%b6%e6%9c%8857%e4%b8%87%e3%83%bb%e6%9c%881/,3ヶ月57万の英語コーチング、卒業後に何ヶ月残るか誰も教えてくれない,総額÷残った月数の単価計算,スパトレ,speek,2,speek.jp / sptr.jp,0,200,自己参照,なし,https://sakura-eigo.com/wp-content/uploads/2026/06/84AB9726-A105-48FF-B776-4B5818008CFC.png
149,https://sakura-eigo.com/%e3%80%8c%e3%82%ab%e3%83%8a%e3%83%80-%e3%83%af%e3%83%bc%e3%83%9b%e3%83%aa-%e8%b2%bb%e7%94%a8-2024%e3%80%8d%e3%81%a7%e4%b8%a6%e3%81%b6150%e4%b8%87%e3%83%bb250%e4%b8%87%e3%81%ae%e8%a6%8b%e7%a9%8d/,カナダ ワーホリの費用は3つの箱で出す｜まとめ記事に載らない項目,（全面再構成の対象外）,ネイティブキャンプ留学,留学情報館,2,nativecamp.net / ryugaku-johokan.com,0,200,自己参照,なし,https://sakura-eigo.com/wp-content/uploads/2026/08/eyecatch-149.png
150,https://sakura-eigo.com/%e3%80%8c%e8%8b%b1%e8%aa%9e-%e5%8b%89%e5%bc%b7%e6%b3%95-30%e4%bb%a3-%e3%81%8b%e3%82%89%e3%80%8d%e3%81%a7%e4%b8%a6%e3%81%b6%e4%b8%ad%e5%ad%a6%e6%96%87%e6%b3%95%e3%82%84%e3%82%8a%e7%9b%b4/,「続けるコツ」に書かれない90日の採点者が、私が英語で失敗した本当の理由だった,空いた日から戻る復帰手順,スパトレ,スタディサプリ 新日常英会話,2,eigosapuri.jp / sptr.jp,0,200,自己参照,なし,https://sakura-eigo.com/wp-content/uploads/2026/08/eyecatch-150.png
151,https://sakura-eigo.com/%e3%80%8c%e8%8b%b1%e8%aa%9e%e3%82%b3%e3%83%bc%e3%83%81%e3%83%b3%e3%82%b0-%e6%84%8f%e5%91%b3%e3%81%aa%e3%81%84%e3%80%8d%e3%81%a7%e4%b8%a6%e3%81%b6%e9%ab%98%e3%81%84%e3%83%bb%e7%b5%90%e5%b1%80/,「意味ない」を5回検索する前に、私が問うべき1つのこと,「意味ない」を翻訳する4問,スパトレ,speek,2,speek.jp / sptr.jp,0,200,自己参照,なし,https://sakura-eigo.com/wp-content/uploads/2026/08/eyecatch-151.png
207,https://sakura-eigo.com/%e3%80%8c%e7%a4%be%e4%bc%9a%e4%ba%ba-%e7%95%99%e5%ad%a6-%e4%bb%95%e4%ba%8b%e8%be%9e%e3%82%81%e3%82%8b-%e4%b8%8d%e5%ae%89%e3%80%8d%e3%81%a7%e4%b8%a6%e3%81%b6%e5%86%8d%e5%b0%b1%e8%81%b7%e3%83%bb/,留学の不安は、調べて消える・試して縮む・残るの3つに分ける,不安の仕分けシート（A調べれば消える/B試せば縮む/C残る）,ネイティブキャンプ留学,留学情報館,2,nativecamp.net / ryugaku-johokan.com,0,200,自己参照,なし,https://sakura-eigo.com/wp-content/uploads/2026/08/eyecatch-207.png
232,https://sakura-eigo.com/%e3%80%8c%e8%8b%b1%e8%aa%9e-%e7%99%ba%e9%9f%b3-%e7%9b%b4%e3%82%89%e3%81%aa%e3%81%84-%e5%a4%a7%e4%ba%ba%e3%80%8d%e3%81%a7%e4%b8%a6%e3%81%b6l-r%e3%83%bb%e7%99%ba%e9%9f%b3%e8%a8%98%e5%8f%b7%e3%83%bb/,大人の発音は直らないのか｜年齢の前に確認する2つのこと,（全面再構成の対象外）,speek,（なし）,1,speek.jp,0,200,自己参照,なし,https://sakura-eigo.com/wp-content/uploads/2026/08/eyecatch-232.png
235,https://sakura-eigo.com/%e3%80%8c%e3%82%bb%e3%83%96%e5%b3%b6%e7%95%99%e5%ad%a6-1%e3%83%b6%e6%9c%88-%e4%bd%93%e9%a8%93%e3%80%8d%e3%81%a7%e4%b8%a6%e3%81%b6%e8%b2%bb%e7%94%a8%e3%83%bb%e3%82%b9%e3%82%b1%e3%82%b8%e3%83%a5/,セブ島留学1ヶ月の比較表に、帰国後の列を6本足す,比較表の列の置き換え表（滞在中→帰国後）,ネイティブキャンプ留学,フィリピン留学ナビ,2,nativecamp.net,0,200,自己参照,なし,https://sakura-eigo.com/wp-content/uploads/2026/08/eyecatch-235.png
238,https://sakura-eigo.com/%e3%80%8c%e3%83%af%e3%83%bc%e3%83%9b%e3%83%aa-30%e6%ad%b3-%e9%96%93%e3%81%ab%e5%90%88%e3%81%86%e3%81%8b%e3%80%8d%e3%81%a7%e4%b8%a6%e3%81%b6%e3%82%ae%e3%83%aa%e3%83%9b%e3%83%aa%e3%83%bb%e5%9b%bd/,ワーホリに間に合うかを調べる前に、分けておきたい2つの締切,申請7工程の逆算表,ネイティブキャンプ留学,留学情報館,2,gov.uk / nativecamp.net / ryugaku-johokan.com,0,200,自己参照,なし,https://sakura-eigo.com/wp-content/uploads/2026/08/eyecatch-238.png
241,https://sakura-eigo.com/second-language-acquisition-theory-gap/,「正しい順番」を15分×4回やっても、反応が返らない一人では化石化する,独学の工程の切り分け表,speek,スパトレ,2,speek.jp / sptr.jp,0,200,自己参照,なし,https://sakura-eigo.com/wp-content/uploads/2026/08/second-language-acquisition-theory-gap.png
272,https://sakura-eigo.com/philippines-study-abroad-adult-costs/,フィリピン留学の費用を社会人が計算する方法｜表に載らない2つの箱,（全面再構成の対象外）,ネイティブキャンプ留学,留学情報館,2,nativecamp.net / ryugaku-johokan.com,0,200,自己参照,なし,https://sakura-eigo.com/wp-content/uploads/2026/08/philippines-study-abroad-adult-costs.png
273,https://sakura-eigo.com/online-english-conversation-speaking-time/,25分のレッスンで私が話した英語は数十秒、続かない理由はそこにあった,発話秒数の計測手順,QQ English,ネイティブキャンプ,2,nativecamp.net / qqeng.com,0,200,自己参照,なし,https://sakura-eigo.com/wp-content/uploads/2026/08/Generated-image-1-13.png
277,https://sakura-eigo.com/domestic-immersion-english-continuous-learning/,国内留学・英語合宿を申し込む前に｜帰宅後30日の枠を先に決める,（全面再構成の対象外）,スパトレ,（なし）,1,sptr.jp,0,200,自己参照,なし,https://sakura-eigo.com/wp-content/uploads/2026/08/domestic-immersion-english-continuous-learning.png
278,https://sakura-eigo.com/english-coaching-after-graduation/,英語コーチングに払う前に確認する3つのこと｜卒業後に何が残るか,（全面再構成の対象外）,スパトレ,（なし）,1,sptr.jp,0,200,自己参照,なし,https://sakura-eigo.com/wp-content/uploads/2026/08/english-coaching-after-graduation.png
281,https://sakura-eigo.com/philippines-english-study-after-return/,帰国後の半年で消える英語を、「効果なし」と呼ぶ前に確認したい3つの数字,帰国後に落ちやすい順の表,DMM英会話,speek,2,eikaiwa.dmm.com / speek.jp,0,200,自己参照,なし,https://sakura-eigo.com/wp-content/uploads/2026/08/Generated-image-1-14.png
282,https://sakura-eigo.com/working-holiday-english-anxiety/,TOEIC400点台でワーホリに行く前に、点数の外側で確認する3つのこと,（全面再構成の対象外）,スパトレ,（なし）,1,iibc-global.org / sptr.jp,0,200,自己参照,なし,https://sakura-eigo.com/wp-content/uploads/2026/08/Generated-image-1-15.png
283,https://sakura-eigo.com/cebu-beginner-mistakes-design/,セブ島留学に初心者で行く前に｜事前学習が続かないときに見るところ,（全面再構成の対象外）,スパトレ,フィリピン留学ナビ,2,philippines-university.jp / sptr.jp,0,200,自己参照,なし,https://sakura-eigo.com/wp-content/uploads/2026/08/Generated-image-1-16.png
286,https://sakura-eigo.com/english-restart-at-30-speaking/,英語のやり直しは「反応が返るか」で3問だけ判定して決める,反応が返るかの3問判定フロー,speek,ネイティブキャンプ,2,nativecamp.net / speek.jp,0,200,自己参照,なし,https://sakura-eigo.com/wp-content/uploads/2026/08/Generated-image-1-18.png
287,https://sakura-eigo.com/english-conversation-daily-effectiveness/,英会話を毎日受ける意味は、出席ではなく回収の数で決まる,詰まり回収ノート（出席と回収を分ける）,QQ English,ネイティブキャンプ,2,nativecamp.net / qqeng.com,0,200,自己参照,なし,https://sakura-eigo.com/wp-content/uploads/2026/08/english-conversation-daily-effectiveness.png
288,https://sakura-eigo.com/spatalk-review-working-adults-habits/,スパトレの評判より先に｜予習不要のサービスを選ぶ前に確認したい3つのこと,（全面再構成の対象外）,スパトレ,（なし）,1,sptr.jp,0,200,自己参照,なし,https://sakura-eigo.com/wp-content/uploads/2026/08/Generated-image-1-17.png
289,https://sakura-eigo.com/overseas-move-30s-not-late/,30代の海外移住が遅いかは、年齢ではなく締切の有無で決まる,締切のある入口とない入口の切り分け＋費用6項目,ネイティブキャンプ留学,留学情報館,2,gov.uk / nativecamp.net / ryugaku-johokan.com,0,200,自己参照,なし,https://sakura-eigo.com/wp-content/uploads/2026/08/Generated-image-1-19.png
292,https://sakura-eigo.com/english-self-study-procrastination-30s/,英語の独学が3日で止まる人が、教材を買う前に確認する3つのこと,独学の限界を上限と継続に分ける確認項目,スパトレ,スタディサプリ 新日常英会話,2,eigosapuri.jp / sptr.jp,0,200,自己参照,なし,https://sakura-eigo.com/wp-content/uploads/2026/08/Generated-image-1-20.png
294,https://sakura-eigo.com/study-abroad-decision-deadline/,留学の比較が終わらないときに、決め方のほうを先に決める手順,候補3つの比較表,ネイティブキャンプ留学,留学情報館,2,nativecamp.net / ryugaku-johokan.com,0,200,自己参照,なし,https://sakura-eigo.com/wp-content/uploads/2026/08/study-abroad-decision-deadline.png
297,https://sakura-eigo.com/dmm-eikaiwa-beginner-consistency-check/,オンライン英会話が続かない人は、4つの脱落地点のどこで止まるか,脱落地点マップ（4か所）,DMM英会話,ネイティブキャンプ,2,eikaiwa.dmm.com / nativecamp.net,0,200,自己参照,なし,https://sakura-eigo.com/wp-content/uploads/2026/08/dmm-eikaiwa-beginner-consistency-check.png
301,https://sakura-eigo.com/free-study-abroad-agent-bias/,無料の留学エージェントに勧められたとき、その場で使う言い回し集,その場で使う言い回し集,ネイティブキャンプ留学,留学情報館,2,nativecamp.net / ryugaku-johokan.com,0,200,自己参照,なし,https://sakura-eigo.com/wp-content/uploads/2026/08/free-study-abroad-agent-bias.png
304,https://sakura-eigo.com/toeic-600-plateau-breakthrough-study/,TOEIC 600点で止まっているとき、勉強法を変える前に確認する4つのこと,（全面再構成の対象外）,speek,スパトレ,2,speek.jp / sptr.jp,0,200,自己参照,なし,https://sakura-eigo.com/wp-content/uploads/2026/08/Generated-image-1-5.png
305,https://sakura-eigo.com/working-holiday-english-level-needed/,ワーホリに要る英語は、点数ではなく渡航初日の5場面で測る,渡航初日の5場面の台本,ネイティブキャンプ留学,フィリピン留学ナビ,2,nativecamp.net,0,200,自己参照,なし,https://sakura-eigo.com/wp-content/uploads/2026/08/Generated-image-1-4.png
310,https://sakura-eigo.com/cheap-english-learning-apps-free/,無料・低価格の英語アプリで足りる人と、足りない人の分かれ目,（全面再構成の対象外）,speek,スパトレ,2,speek.jp / sptr.jp,0,200,自己参照,なし,https://sakura-eigo.com/wp-content/uploads/2026/08/Generated-image-1-7.png
315,https://sakura-eigo.com/cebu-island-one-month-study-abroad/,セブ島留学の学校を選ぶ4つの確認項目｜コマ数より復習の余白,（全面再構成の対象外）,スパトレ,フィリピン留学ナビ,2,philippines-university.jp / sptr.jp,0,200,自己参照,なし,https://sakura-eigo.com/wp-content/uploads/2026/08/Generated-image-1-21.png
521,https://sakura-eigo.com/toeic-listening-325-to-improvement/,TOEICリスニングが止まっているとき、聞き流しを続ける前に確認する3つのこと,（全面再構成の対象外）,speek,スパトレ,2,speek.jp / sptr.jp,0,200,自己参照,なし,https://sakura-eigo.com/wp-content/uploads/2026/08/Generated-image-1-24.png
526,https://sakura-eigo.com/fast-verify-cost-time-travel/,「現地が一番早い」を費用と時間で確かめる｜1時間あたりで並べる,（全面再構成の対象外）,ネイティブキャンプ留学,フィリピン留学ナビ,2,nativecamp.net / philippines-university.jp,0,200,自己参照,なし,https://sakura-eigo.com/wp-content/uploads/2026/08/Generated-image-1-31.png
546,https://sakura-eigo.com/online-english-lessons-90-days-success/,オンライン英会話が続かないのは、話し始めるまでの手数が多いから,手数の数え方＋1回あたりの試算,ネイティブキャンプ,（なし）,1,nativecamp.net,0,200,自己参照,なし,https://sakura-eigo.com/wp-content/uploads/2026/08/online-english-lessons-90-days-success.png
