from,to,anchor
546,297,4つの脱落地点のどこで止まるか
546,273,1回のレッスンで話した秒数を測る
546,288,予習が要るサービスを選ぶ前の確認
526,272,フィリピン留学の費用を社会人が計算する方法
526,23,ワーホリの貯金はいくら必要か
526,546,オンライン英会話が続かないのは、話し始めるまでの手数が多いから
521,232,大人の発音は直らないのかを確かめる2つのこと
521,304,TOEIC 600点で止まっているときに確認する4つのこと
521,273,1回のレッスンで話した秒数を測る
521,526,「現地が一番早い」を費用と時間で確かめる｜1時間あたりで並べる
315,272,フィリピン留学の費用を社会人が計算する方法
315,277,国内留学・英語合宿の帰宅後30日の組み方
315,235,セブ島留学1ヶ月の比較表に帰国後の列を足す
315,283,セブ島留学に初心者で行く前の確認
315,67,申し込む前に帰国後4週間の予定を埋める
315,521,TOEICリスニングが止まっているとき、聞き流しを続ける前に確認する3つのこと
273,546,オンライン英会話が続かないのは、話し始めるまでの手数
273,287,出席ではなく回収の数で測る
273,315,セブ島留学の学校を選ぶ4つの確認項目｜コマ数より復習の余白
281,67,申し込む前に帰国後4週間の予定を埋める
281,546,オンライン英会話が続かないのは、話し始めるまでの手数
281,273,オンライン英会話で自分が話した秒数を、録音して測る
282,304,TOEIC 600点で止まっているときに確認する4つのこと
282,310,無料・低価格の英語アプリで足りる人と足りない人の分かれ目
282,305,ワーホリに要る英語を渡航初日の5場面で測る
282,281,留学の効果が帰国後に消えるのは、落ちやすい能力が決まっているから
283,315,セブ島留学の学校を選ぶ4つの確認項目
283,272,フィリピン留学の費用を社会人が計算する方法
283,282,TOEIC400点台でワーホリに行く前に確認する3つのこと
283,305,ワーホリに要る英語を渡航初日の5場面で測る
288,278,英語コーチングに払う前に確認する3つのこと
288,310,無料・低価格の英語アプリで足りる人と足りない人の分かれ目
288,546,オンライン英会話が続かないのは、話し始めるまでの手数
288,283,セブ島留学に初心者で行く前に｜事前学習が続かないときに見るところ
286,19,英語の独学が実らないのは、入力・出力・矯正のどれかが0だから
286,232,大人の発音は直らないのかを確認する
286,288,スパトレの評判より先に｜予習不要のサービスを選ぶ前に確認したい3つのこと
289,238,ワーホリに間に合うかの2つの締切
289,294,留学の比較が終わらないときの決め方
289,23,ワーホリの貯金はいくら必要か
289,207,留学の不安を3つに仕分ける
289,286,英語のやり直しは「反応が返るか」で3問だけ判定して決める
292,19,英語の独学が実らないのは、入力・出力・矯正のどれかが0だから
292,41,体力が枯れた日の最低ラインの決め方
292,150,空いた日から戻る復帰手順
292,289,30代の海外移住が遅いかは、年齢ではなく締切の有無で決まる
310,304,TOEIC 600点で止まっているときに確認する4つのこと
310,32,TOEIC500点から上げる勉強法の確認項目
310,19,英語の独学が実らないのは、入力・出力・矯正のどれかが0だから
310,288,予習が要るサービスを選ぶ前の確認
310,292,英語の独学が3日で止まる人が、教材を買う前に確認する3つのこと
304,521,TOEICリスニングが止まっているときの確認項目
304,310,無料・低価格の英語アプリで足りる人と足りない人の分かれ目
304,32,TOEIC500点から上げる勉強法
304,282,TOEIC400点台でワーホリに行く前の確認
305,136,「英語できなくても移住できる」の段階
305,315,セブ島留学の学校を選ぶ4つの確認項目
305,304,TOEIC 600点で止まっているとき、勉強法を変える前に確認する4つのこと
301,40,無料エージェントの手数料の仕組みと3つの質問
301,294,留学の比較が終わらないときの決め方
301,305,ワーホリに要る英語は、点数ではなく渡航初日の5場面で測る
297,546,オンライン英会話が続かないのは、話し始めるまでの手数
297,287,出席ではなく回収の数で測る
297,301,無料の留学エージェントに勧められたとき、その場で使う言い回し集
294,289,30代の海外移住が遅いかは締切の有無で決まる
294,18,留学エージェントの比較が終わらないとき
294,297,オンライン英会話が続かない人は、4つの脱落地点のどこで止まるか
287,546,オンライン英会話が続かないのは、話し始めるまでの手数
287,273,1回のレッスンで話した秒数を測る
287,294,留学の比較が終わらないときに、決め方のほうを先に決める手順
278,32,TOEIC500点から上げる勉強法の確認項目
278,304,TOEIC 600点で止まっているときに確認する4つのこと
278,288,予習不要のサービスを選ぶ前に確認したい3つのこと
278,64,契約前に投げる12の質問
278,138,総額を残った月数で割って単価にする
278,137,体験談を到達点か傾きかで読み分ける
278,287,英会話を毎日受ける意味は、出席ではなく回収の数で決まる
277,526,費用と時間を1時間あたりで並べて行き先を比べる
277,315,セブ島留学の学校を選ぶ4つの確認項目
277,278,英語コーチングに払う前に確認する3つのこと｜卒業後に何が残るか
272,315,セブ島留学の学校を選ぶ4つの確認項目
272,526,費用と時間を1時間あたりで並べて行き先を比べる
272,283,セブ島留学に初心者で行く前に見るところ
272,40,留学エージェントに相談する前に聞く3つの質問
272,23,ワーホリの貯金はいくら必要か
272,277,国内留学・英語合宿を申し込む前に｜帰宅後30日の枠を先に決める
241,151,「意味ない」を自分の条件へ翻訳する4問
241,19,英語の独学が実らないのは、入力・出力・矯正のどれかが0だから
241,272,フィリピン留学の費用を社会人が計算する方法｜表に載らない2つの箱
238,289,30代の海外移住が遅いかは締切の有無で決まる
238,23,ワーホリの貯金はいくら必要か
238,241,独学をやめずに、反応が返る2つの工程だけを外に出す
235,315,セブ島留学の学校を選ぶ4つの確認項目
235,67,申し込む前に帰国後4週間の予定を埋める
235,238,ワーホリに間に合うかを調べる前に、分けておきたい2つの締切
232,304,TOEIC 600点で止まっているときに確認する4つのこと
232,521,TOEICリスニングが止まっているときの確認項目
232,286,反応が返るかで3問だけ判定する
232,288,予習が要るサービスを選ぶ前の確認
232,235,セブ島留学1ヶ月の比較表に、帰国後の列を6本足す
207,289,30代の海外移住が遅いかは締切の有無で決まる
207,294,留学の比較が終わらないときの決め方
207,232,大人の発音は直らないのか｜年齢の前に確認する2つのこと
150,41,体力が枯れた日の最低ラインの決め方
150,117,今日やった分に明日の出番を1つ付ける
150,207,留学の不安は、調べて消える・試して縮む・残るの3つに分ける
149,282,TOEIC400点台でワーホリに行く前に確認する3つのこと
149,272,フィリピン留学の費用を社会人が計算する方法
149,23,ワーホリの貯金はいくら必要かを自分の数字で出す
149,37,半年の留学で休職と退職を金額で比べる手順
149,131,収入が始まるまでの月数を決める
149,150,英語の勉強が続かないなら、空いた日から戻る手順を先に決める
151,278,英語コーチングに払う前に確認する3つのこと
151,241,独学の工程を切り分けて反応だけ外に出す
151,149,カナダ ワーホリの費用は3つの箱で出す｜まとめ記事に載らない項目
137,278,英語コーチングに払う前に確認する3つのこと
137,138,総額を残った月数で割って単価にする
137,151,「英語コーチングは意味ない」を、自分の条件へ翻訳する4つの問い
138,278,英語コーチングに払う前に確認する3つのこと
138,64,契約前に投げる12の質問
138,137,英語コーチングの体験談は、到達点の写真かその後の傾きかで読み分ける
136,289,30代の海外移住が遅いかは締切の有無で決まる
136,305,ワーホリに要る英語を渡航初日の5場面で測る
136,138,英語コーチングの費用は、総額ではなく残った月数で割って見る
131,23,ワーホリの貯金はいくら必要かを自分の数字で出す
131,149,カナダ ワーホリの費用を3つの箱で出す手順
131,136,「英語できなくても移住できる」は、入口を越えたあとの話
117,19,英語の独学が実らないのは、入力・出力・矯正のどれかが0だから
117,61,他人に握られた締切の作り方
117,131,ワーホリの貯金額より先に決めたい、収入が始まるまでの月数
27,19,英語の独学が実らないのは、入力・出力・矯正のどれかが0だから
27,136,「英語できなくても移住できる」の段階
27,117,英語をゼロから始めるとき、今日やった分に明日の出番を1つ付ける
67,315,セブ島留学の学校を選ぶ4つの確認項目
67,281,帰国後に落ちやすい能力の順番
67,27,英語に何時間かかるかは、自分の用途を絞ってから計算する
64,278,英語コーチングに払う前に確認する3つのこと
64,137,体験談を到達点か傾きかで読み分ける
64,67,フィリピン留学を申し込む前に、帰国後4週間の予定を埋める
61,117,今日やった分に明日の出番を1つ付ける
61,27,必要な学習時間を自分の用途で計算し直す
61,64,英語コーチングを契約する前に、卒業後に残るものを聞く12の質問
19,292,独学が3日で止まる人の確認項目
19,286,反応が返るかで3問だけ判定する
19,310,無料・低価格アプリで足りる人と足りない人
19,28,上達しない8つの理由を1本の鎖に並べ直す
19,61,英語のやる気が出ないのは、他人に握られた締切が0本だから
18,294,留学の比較が終わらないときの決め方
18,40,無料エージェントの手数料の仕組みと3つの質問
18,19,英語の独学が実らないのは、入力・出力・矯正のどれかが0だから
32,304,TOEIC 600点で止まっているときに確認する4つのこと
32,521,TOEICリスニングが止まっているときの確認項目
32,18,留学エージェントの比較が終わらないなら、出発月を先に置く
42,33,職務10場面を頻度順に並べて上位3つを固める
42,546,オンライン英会話が続かないのは、話し始めるまでの手数
42,32,TOEIC500点から上げる勉強法｜最初に確認したい4つのこと
40,149,カナダ ワーホリの費用を3つの箱で出す手順
40,23,ワーホリの貯金はいくら必要かを自分の数字で出す
40,301,勧められたときに使う言い回し集
40,18,留学エージェントの比較が終わらないとき
40,42,仕事の英語で詰まるなら、1000時間より先に「使う十数文」を数える
41,19,英語の独学が実らないのは、入力・出力・矯正のどれかが0だから
41,150,空いた日から戻る復帰手順
41,40,無料の留学エージェントに相談する前に｜手数料の仕組みと聞く3つの質問
37,149,カナダ ワーホリの費用を3つの箱で出す手順
37,272,フィリピン留学の費用を社会人が計算する方法
37,23,ワーホリの貯金はいくら必要か
37,131,収入が始まるまでの月数を決める
37,41,英会話が続かないなら、体力が枯れた日の最低ラインを先に決める
33,42,仕事の英語で使う十数文を数える
33,273,1回のレッスンで話した秒数を測る
33,37,半年の留学にいくらかかるか｜休職と退職を金額で比べる手順
28,546,オンライン英会話が続かないのは、話し始めるまでの手数
28,19,英語の独学が実らないのは、入力・出力・矯正のどれかが0だから
28,33,仕事の英語の電話は、職務の10場面を頻度順に並べて上位3つを固める
23,149,カナダ ワーホリの費用を3つの箱で出す手順
23,131,ワーホリで収入が始まるまでの月数を決める
23,37,半年の留学にいくらかかるか（休職と退職の比較）
