claim,axis,note,status,checked_at
現地に短期でも行くのが一番早い,留学,英語が話せる人がよく言う定説。国別に費用と期間と年齢制限を並べて検証する,todo,
30歳を過ぎたら英語は伸びない,年齢,さくらの30歳タイムリミットと直結。実際の研究や制度の年齢上限で確かめる,todo,
フィリピン留学は発音が悪くなる,留学,よく言われるが根拠が示されないまま広まっている。実際の講師資格や認定を調べる,todo,
留学は3ヶ月以上ないと意味がない,留学,短期を否定する定説。期間と伸びの関係を実際のデータで見る,todo,
オンライン英会話は毎日やらないと意味がない,学習,毎日信仰。頻度と定着の関係を調べて現実的な線を出す,todo,
TOEICのスコアは実際に話せるかと関係ない,指標,スコアと運用能力のずれを、CEFR対応表など公的な指標で確かめる,todo,
英語は聞き流していれば耳が慣れる,学習,聞き流し信仰。実際に何が起きるのかを調べる,todo,
社会人の留学は仕事を辞めないと無理,キャリア,休職・有給・リモートなど実在する選択肢を調べる,todo,
英語コーチングは高いだけで自分でやれる,サービス,高額サービスへの一般的な疑い。何に金を払っているのかを分解する,todo,
ワーホリは若いうちしか行けない,制度,国ごとに年齢上限が違う。シンガポール25歳・豪加30歳など実際の条件を並べる,todo,
留学は英語ができるようになってから行くべき,留学,準備信仰。出発時の英語力と現地の伸びの関係を調べる,todo,
英語は海外に住めば自然に話せるようになる,留学,住むだけでは伸びない人がいる理由を調べる,todo,
