keyword,target_url,asp,reward,status,last_rank,checked_at
英語 話せない 社会人,, A8,夢カナ留学/スピーク,done,,2026-06-29
英語 勉強 続かない 大人,, A8,スピーク,done,,2026-06-29
英語コーチング 比較,, A8,LIBERTY,done,,2026-06-29
英語 話せるようになった 体験談,, A8,スピーク/LIBERTY,done,,2026-06-29
ワーホリ 費用 安くする,, A8,夢カナ留学,done,,2026-06-29
留学エージェント おすすめ,, A8,夢カナ留学,done,,2026-06-29
英会話 アプリ 比較 社会人,, A8,スピーク,done,,2026-06-29
TOEIC 上がらない 原因,, A8,スピーク,done,,2026-06-29
英語コーチング 効果 体験,, A8,LIBERTY,done,,2026-06-29
海外移住 英語力 どのくらい,, A8,夢カナ留学,done,,2026-06-29
ワーホリ 30歳 間に合う,, A8,夢カナ留学/スピーク,done,,2026-06-29
英語 独学 社会人 方法,, A8,スピーク,done,,2026-06-29
英会話 上達 しない 理由,, A8,LIBERTY,done,,2026-06-29
留学 社会人 費用 現実,, A8,夢カナ留学,done,,2026-06-29
フィリピン 留学 社会人 おすすめ,, A8,夢カナ留学,done,,2026-06-29
英語 ペラペラ になる 期間,, A8,LIBERTY/スピーク,done,,2026-06-29
TOEIC 500点 から 上げる 方法,, A8,スピーク,done,,2026-06-29
英語コーチング 料金 比較 2024,, A8,LIBERTY,done,,2026-06-29
ワーホリ 貯金 いくら 必要,, A8,夢カナ留学,done,,2026-06-29
オーストラリア ワーホリ 費用 リアル,, A8,夢カナ留学,done,,2026-06-29
英会話 続かない 解決策,, A8,スピーク,done,,2026-06-29
ビジネス英語 勉強法 社会人,, A8,LIBERTY,done,,2026-06-29
英語 勉強 モチベ 上げる 方法,, A8,スピーク,done,,2026-06-29
カナダ ワーホリ 費用 2024,, A8,夢カナ留学,done,,2026-06-29
英語コーチング 3ヶ月 効果 体験談,, A8,LIBERTY,done,,2026-06-29
英語 ゼロから 社会人 どのくらい,, A8,スピーク/LIBERTY,done,,2026-06-29
留学エージェント 無料 仕組み,, A8,夢カナ留学,done,,2026-06-29
英語 勉強法 30代 から,, A8,LIBERTY/スピーク,done,,2026-06-29
海外移住 準備 英語できない,, A8,夢カナ留学/LIBERTY,done,,2026-06-29
仕事 英語 必要 なのに できない,, A8,スピーク/LIBERTY,done,,2026-06-29
英語コーチング 挫折 しない 方法,, A8,LIBERTY,done,,2026-06-29
英語コーチング 意味ない,, A8,LIBERTY/スピーク,done,,2026-06-29
